photo_urls,address,title,details,host,price
https://randomuser.me/api/portraits/men/32.jpg,"USCGC Johnson
FPO AE 65026",Would character to consumer culture throw.,Relate eye local physical head. Kitchen his research difference at. Like get forward religious card need if lot.,122,117
https://randomuser.me/api/portraits/women/2.jpg,"805 Middleton Hill Suite 169
Riggston, MS 62218",Give peace why someone economy.,Material foreign often this new thank positive. Memory far a themselves only special far.,193,121
https://randomuser.me/api/portraits/women/23.jpg,"8933 Bush Path
Kimberlychester, NJ 84686",Message walk heart probably write.,Involve economy history. For next shoulder.,237,218
https://randomuser.me/api/portraits/men/33.jpg,"00958 Ramos Cove
Mclaughlinfurt, MD 26351",On offer doctor laugh plant.,Home world door executive get dinner fear. Wear interest have after strategy. Behind range box.,219,206
https://randomuser.me/api/portraits/women/22.jpg,"9224 Jeanette Lodge Suite 234
West William, UT 01471",Collection history eat everyone add.,Attack end create occur. From so money share.,121,255
https://randomuser.me/api/portraits/women/10.jpg,"609 Simmons Loop
West Judytown, DE 11295",Stay notice we finish.,Resource summer sea board. Take mean dark project time. Able thing land after.,231,41
https://randomuser.me/api/portraits/men/5.jpg,"2349 Tracy Mountain Suite 871
East Devonside, TN 33598",Play animal cause official.,Clear sound effect wonder reason. Various low none civil size prepare office.,241,249
https://randomuser.me/api/portraits/men/52.jpg,"55155 Mcmahon Shoals
Whiteport, AL 53888",Herself per eight rock build seven.,Whose Mrs style trade. Pay moment choose set reflect.,175,94
https://randomuser.me/api/portraits/men/41.jpg,"862 Julia Coves Suite 532
South Bruce, AK 34959",Paper thus through all card lot.,Perhaps old ask evening form. Sign listen myself organization.,210,412
https://randomuser.me/api/portraits/men/47.jpg,"098 Lewis Port
Lake Joseph, KY 40870",South reduce ask night add oil.,Oil mission something late machine scene.,74,373
https://randomuser.me/api/portraits/men/31.jpg,"9841 Autumn Meadow Apt. 781
Aaronside, NM 73894",Strong scientist season property animal.,Reach participant finally analysis improve last sell. Character job visit dark.,74,361
https://randomuser.me/api/portraits/women/17.jpg,"0154 Patricia Walk
Port David, WY 34788",Eight stock their very land quickly.,Choose former various.,270,337
https://randomuser.me/api/portraits/men/70.jpg,"21875 Stone Loop
Lake Jason, AZ 83045",Then fund decade little although.,Item develop himself behavior like road nice. He here both surface myself I. Exist serious ok read prepare modern page.,232,10
https://randomuser.me/api/portraits/men/63.jpg,"8499 Veronica Viaduct
West Davidmouth, LA 27551",Skill forward fire join.,Bit hospital former a shoulder culture usually firm. Watch yes administration seven major. Sign wonder give tough win.,50,45
https://randomuser.me/api/portraits/women/70.jpg,"1939 Hardy Tunnel Apt. 599
North Juanstad, MD 60292",Short science mind turn.,Soon place suffer couple.,217,427
https://randomuser.me/api/portraits/men/15.jpg,"539 Anderson Extension Apt. 767
Craneborough, CT 98709",Commercial thank determine special.,Instead listen official simple middle scientist. Employee whole easy friend.,246,126
https://randomuser.me/api/portraits/men/20.jpg,"8342 Kim Crest Suite 581
Lake Joseph, MT 22071",House deal quickly painting.,Better here enough create worry. Great part serve wife hear. Thing bring civil hear deal fear dog film. Explain within one stay choice natural.,268,267
https://randomuser.me/api/portraits/women/39.jpg,"194 Obrien Grove Apt. 496
West Robinland, WA 84816",Candidate whose while government.,Hospital month name enjoy value program order. Pick chance treat series white government dinner must.,58,471
https://randomuser.me/api/portraits/men/60.jpg,"943 Kathleen Pass Suite 828
Port Jasonview, DE 31840",Method number writer.,Teacher charge suggest class cause firm start score. Central law camera environmental tend month policy.,72,181
https://randomuser.me/api/portraits/men/16.jpg,"982 Williams Pike
Nicoletown, MT 30806",Military blood commercial heart assume test.,Eight purpose mouth finally. Manager serve stuff ago class water question air.,247,463
https://randomuser.me/api/portraits/men/11.jpg,"36818 Stanley Underpass Apt. 153
Leemouth, SC 43068",During despite good trial.,Maybe baby phone standard suddenly history position. Appear sound beautiful health our thing his. Entire it speak everyone.,258,425
https://randomuser.me/api/portraits/men/76.jpg,"6692 Lewis Land
Robinchester, VT 42016",Whose south local matter nice here.,Soon good rich thing. End minute expert wish expert another. Serious need million hotel stock someone nation. Forward cut than.,35,101
https://randomuser.me/api/portraits/men/68.jpg,"79711 Gonzalez Grove
Lewisborough, SC 92982",Question general fall statement arm town.,Hair price third city. Operation allow health performance skin open expert.,169,63
https://randomuser.me/api/portraits/women/98.jpg,"105 David Ramp Apt. 994
New Frank, NC 31635",Possible white also turn suggest teach.,Record whole sing also nice free. Attack send human sit range stop decision. Scientist him early.,17,439
https://randomuser.me/api/portraits/men/42.jpg,"1908 Ross Fork
Karenland, DC 65220",Capital technology bag movement just billion.,Beyond much throughout table dog third. Pm sport suffer thing TV gas skin lot.,14,216
https://randomuser.me/api/portraits/women/28.jpg,"948 Stone Freeway Suite 924
South Julieborough, NE 18399",Degree bank development within serve employee.,Relate pass dinner morning trouble. Tree allow late thus.,120,429
https://randomuser.me/api/portraits/men/83.jpg,"Unit 1446 Box 7199
DPO AA 06641",Eye enjoy cause simply economic.,Her difference history piece response. Here forward thousand fly. True senior across whatever night. Skin win professor stock.,117,150
https://randomuser.me/api/portraits/men/4.jpg,"USNV Garcia
FPO AA 87673",Plant technology million task matter machine television.,I partner throw design.,95,303
https://randomuser.me/api/portraits/women/88.jpg,"8198 Megan Village
Danielton, DE 54303",He production person number TV.,Establish grow black major form try election. Send particularly opportunity.,256,143
https://randomuser.me/api/portraits/women/43.jpg,"188 James Key Suite 565
New Karlabury, OR 73193",Bit his scene place language glass.,Worry finish great college always expert computer green. Site second knowledge tax since hold. Table next talk property spend. Energy kind consumer me,285,421
https://randomuser.me/api/portraits/men/86.jpg,"0656 Jason Branch
Kimberlyburgh, IA 72532",Break action top future soldier.,Ten and approach animal. Person population become eat member. Help per black attention. Friend report movie think rise meet base.,47,352
https://randomuser.me/api/portraits/women/22.jpg,"677 Torres Village
New Timhaven, TN 60703",Before teacher all possible put you.,Special challenge industry difference something. Relate buy consider head seven question hour. Though most those.,51,157
https://randomuser.me/api/portraits/lego/6.jpg,"66318 Douglas Heights
East Kevin, AK 34540",Food machine interesting over return.,Listen fight wall firm hotel. Lawyer argue since matter.,53,227
https://randomuser.me/api/portraits/men/9.jpg,"79689 Kim Square
Port James, RI 07421",Factor oil large woman raise.,Score blue religious senior deep. My down determine message according. Try candidate job water exist.,69,408
https://randomuser.me/api/portraits/men/83.jpg,"67612 Corey Tunnel Apt. 163
Port Johnfurt, CA 78042",Development stand leg little material every.,Home raise door design anyone me. Maintain effect machine production young peace buy have. Economic return second single.,125,326
https://randomuser.me/api/portraits/women/82.jpg,"62355 Edwards Plaza Apt. 885
East Christie, MA 00660",Care town artist how treatment professor.,Argue leave history. Develop claim there task side.,286,214
https://randomuser.me/api/portraits/women/95.jpg,"USCGC Harvey
FPO AP 69413",Peace grow entire describe.,Include maintain lot by. Then director watch moment chance paper lot discover.,174,395
https://randomuser.me/api/portraits/women/60.jpg,"577 Debra Lane
South Tinamouth, MO 26482",Child look cost over discuss raise.,Pay analysis top only establish by be free. Nearly go enjoy side audience. Various become fire. West see evening be play relationship.,293,236
https://randomuser.me/api/portraits/men/26.jpg,"19120 Velazquez Lake Apt. 308
Johnsonstad, WY 92903",Personal material agree suggest.,Reduce compare young follow market question. Carry old place.,55,197
https://randomuser.me/api/portraits/men/47.jpg,"USS Sanders
FPO AE 78712",Might shoulder for where.,Safe street cut analysis. Away agree rate everything word thought which.,145,220
https://randomuser.me/api/portraits/men/83.jpg,"65765 Willie Spring
Kaylaville, FL 26883",Information blood yeah.,Recent believe safe benefit deal. Collection test miss operation feel player.,19,481
https://randomuser.me/api/portraits/women/21.jpg,"89263 Young Locks
South Davidview, ME 06140",Expect into back response film.,Without wonder community first pressure. Mother wind great everybody skin cold guy. Name maybe western show. Natural arrive seven employee black which,217,31
https://randomuser.me/api/portraits/women/17.jpg,"327 Pennington Throughway Apt. 520
Lake Christopher, MN 51075",Peace together probably employee discover.,Care who seem forward visit war share. Try go follow new half smile when. Prepare final seat show six place weight.,146,57
https://randomuser.me/api/portraits/men/43.jpg,"0774 Bartlett Brook Suite 907
Loriview, ND 98877",Indicate nearly claim eat defense.,Strategy future meeting. Present minute with address. Present recent down cost question kid size.,21,110
https://randomuser.me/api/portraits/men/6.jpg,"657 Sampson Forest
South Samuel, WY 20394",Father security air.,Against all happy certainly rock. Watch account watch.,89,56
https://randomuser.me/api/portraits/women/2.jpg,"51259 Robin Ridge Suite 169
Port Adamfort, SD 39504",Bring wind since.,Attack thousand even exist natural. Team thus church teacher us. Movement nor game alone big indicate grow.,222,297
https://randomuser.me/api/portraits/men/19.jpg,"18767 Thompson Loop Suite 974
Brandyside, VA 62635",Pm never school.,Your nearly American economic. Decision truth determine body message exactly.,51,113
https://randomuser.me/api/portraits/women/90.jpg,"57055 Linda Drive
South Ronald, CA 73382",Character though project grow.,Effect make time. Believe issue their former dinner live assume product. Risk begin democratic dinner.,246,328
https://randomuser.me/api/portraits/women/45.jpg,"2669 Calvin Motorway Suite 152
Herringfort, NJ 39480",Think size material.,Political media company stock buy. Space however make.,206,491
https://randomuser.me/api/portraits/women/63.jpg,"6866 Pacheco Dale
Smithview, WA 98808",Bank reason social police.,Couple share section art. Player sport themselves page size develop back. Around less foot us. Each role hot always by join.,214,428
https://randomuser.me/api/portraits/women/72.jpg,"531 Collins Highway
Melissaville, DE 46947",Budget series treatment that.,Best activity realize. Bar must land either expert though. Affect memory possible practice term.,234,426
https://randomuser.me/api/portraits/men/5.jpg,"57320 Corey Highway
Roblesfurt, AL 01032",Deal compare story.,Particularly worry clear hotel cold. Relationship including direction next group watch.,108,83
https://randomuser.me/api/portraits/women/14.jpg,"70699 Andrew Unions Suite 777
South Jason, UT 22735",Couple anyone book gas season people.,Woman easy away election.,239,499
https://randomuser.me/api/portraits/women/53.jpg,"04272 Ball Stravenue
Richardsonport, NE 11569",Last able and husband.,Establish service nation live color up purpose ten. Theory such seven can amount actually federal health.,183,315
https://randomuser.me/api/portraits/women/3.jpg,"2427 Andrea Isle
Lake Kathy, UT 08942",Five since professor church.,Now same throw high scientist official stuff. Help race brother model camera product answer.,19,411
https://randomuser.me/api/portraits/men/75.jpg,"986 Collins Vista Apt. 500
Marshton, MN 93520",Box what actually.,Focus reveal dark list. Table clearly day natural affect stage.,282,454
https://randomuser.me/api/portraits/women/58.jpg,"85790 Reed Landing Suite 952
South Brenda, WV 16677",Subject professional order else option.,Imagine police like attention us source.,239,78
https://randomuser.me/api/portraits/women/65.jpg,"PSC 6172, Box 0375
APO AE 40238",Keep here cell.,Cut letter point. Trial analysis that method your customer likely. Practice laugh make hit sport song.,53,487
https://randomuser.me/api/portraits/men/18.jpg,"PSC 3170, Box 2512
APO AA 21212",Play road heavy usually week president.,Democrat thousand indeed look follow trip understand. A door feeling bag. Member bank between group ask although thing.,4,73
https://randomuser.me/api/portraits/women/69.jpg,"83359 Anderson Spring
Jamesstad, OR 92129",More fire turn.,Policy open stay chair individual poor choice. Visit way capital participant official. Might seven seem sport strong.,66,327
https://randomuser.me/api/portraits/women/68.jpg,"57524 White Route
Marytown, ND 09861",Issue third project.,Truth my live success treatment.,80,267
https://randomuser.me/api/portraits/women/47.jpg,"3143 Young Oval
South Kennethbury, MT 69132",Similar stay exactly only apply.,History in brother laugh without former hour red. Across chance every cultural themselves measure.,77,412
https://randomuser.me/api/portraits/women/72.jpg,"3563 Lauren Estates
New Rachelfort, NY 77821",Compare pattern nature leg lay.,Unit rather consumer join. Win only process compare parent real. Require story world couple.,105,74
https://randomuser.me/api/portraits/women/80.jpg,"648 Smith Mill
Henrymouth, OH 18499",Hold wish morning moment magazine.,Poor hospital begin brother. Often writer property since new almost too between.,145,444
https://randomuser.me/api/portraits/men/2.jpg,"90894 Colleen Turnpike Suite 065
West William, NC 66994",Participant exactly century.,Often party view goal perform table mean recent. Trade culture community water establish. Figure might series wife seat wait peace add.,219,468
https://randomuser.me/api/portraits/men/47.jpg,"0967 Byrd Mill Apt. 076
West Adamville, NJ 67321",Dinner huge tax.,Suddenly return ability health first official management.,59,383
https://randomuser.me/api/portraits/men/25.jpg,"Unit 2480 Box 6406
DPO AP 94504",House ago off up.,Four though ago hope sister present catch. Organization become quickly where price. Past soldier cause cold take find technology PM.,177,52
https://randomuser.me/api/portraits/men/47.jpg,"7155 Perry Shore Apt. 143
New Debrastad, ME 58468",This act artist son develop hour.,Experience improve mention late month will ago. Push body I plant then one truth.,57,18
https://randomuser.me/api/portraits/women/83.jpg,"73434 Anthony Bridge
Carlmouth, RI 54248",Yet myself born structure.,When media point. Range arm able success become walk north. To add water entire camera among today.,159,137
https://randomuser.me/api/portraits/women/80.jpg,"3842 Gilmore Island
Cookview, OR 60563",Course carry father gas.,Process face trial ever last live. Way whole stop drive another kind health answer.,133,467
https://randomuser.me/api/portraits/women/85.jpg,"15876 Brianna Crossing
West Tony, AL 07769",Market significant while general may wish.,Republican site public discover language outside. Baby once game. Property camera trouble myself side test find.,22,181
https://randomuser.me/api/portraits/men/39.jpg,"7885 Parker Flats Apt. 894
Terrimouth, OK 66803",Quickly today detail already.,Successful various tree however listen trouble speak. Television foot travel popular. Purpose everybody realize fact. Father land end tend board wish.,230,61
https://randomuser.me/api/portraits/women/59.jpg,"92944 Tucker Hill
North Nathan, KS 69920",Anyone red blood.,Piece still expect region. Woman concern religious so family future. I indicate debate office ever.,278,123
https://randomuser.me/api/portraits/women/23.jpg,"64637 Hardy Lakes
Jasonberg, VA 60539",Almost medical book reduce mention around.,Six middle pattern top amount. Represent red hotel measure daughter campaign offer customer.,176,487
https://randomuser.me/api/portraits/lego/2.jpg,"9833 Miller Fall Suite 296
Port Louis, DC 31303",Through partner very clear candidate wear.,It year maybe none senior. Manager range significant hour buy share special.,225,367
https://randomuser.me/api/portraits/men/25.jpg,"113 Richardson Lights
East Mary, WA 41779",Travel everybody he eye keep.,Go behind wonder one though training safe. Among something trial avoid current one affect.,2,239
https://randomuser.me/api/portraits/women/97.jpg,"7276 Lane Lake Suite 288
Marymouth, IA 74109",Production baby describe federal positive.,Industry military person north have tend. Could thank night. Card head data reveal.,262,136
https://randomuser.me/api/portraits/women/58.jpg,"741 James Union Apt. 108
Floresstad, FL 75123",Lot sit husband.,Everybody road truth. Future experience after thank million.,184,415
https://randomuser.me/api/portraits/men/4.jpg,"6412 Santana Locks
Lake Lacey, AR 79429",Contain seem result physical debate involve.,Fly painting moment national. Know decision later amount this. Painting move on think.,155,187
https://randomuser.me/api/portraits/men/44.jpg,"34917 Randall Cape
West Heatherland, NH 43891",The key edge almost money finish.,Run set the treatment similar. Both rich certainly democratic raise capital firm. Player meeting consider.,102,322
https://randomuser.me/api/portraits/men/14.jpg,"50596 White Landing
Jasonton, MT 02120",Hear law camera election sit.,Social mean remember certainly send role. Which manager while. Kind either mention test state.,165,429
https://randomuser.me/api/portraits/women/71.jpg,"54628 Matthew Lights Apt. 379
Lake Chelsea, NE 62171",Example weight serious partner.,Face open those which compare property. Rate than year carry seven fast face. Apply cell easy form pay its experience.,198,494
https://randomuser.me/api/portraits/men/40.jpg,"PSC 5001, Box 4353
APO AA 21312",Section feel technology.,Capital paper speak minute across local ask dream. Station without lot miss foot responsibility. Can trial range crime something enter.,219,417
https://randomuser.me/api/portraits/men/13.jpg,"298 Pierce Meadows Suite 157
New Michael, SC 92791",Issue road field interview traditional.,Its miss degree receive between key true. Field make other raise particularly certainly usually.,96,66
https://randomuser.me/api/portraits/men/44.jpg,"61188 Rojas Motorway
Peterland, NE 11035",Popular both position base.,Suggest commercial while election. Another actually bank cause.,234,324
https://randomuser.me/api/portraits/women/65.jpg,"2066 Crawford Manor
Lake Diana, AL 11170",Relate capital age leader occur.,Religious no foreign guess. Like road front continue. Consumer forward miss look several be American.,225,144
https://randomuser.me/api/portraits/lego/2.jpg,"9816 Forbes Drive
Lake Teresaton, IA 83945",Radio nearly example improve group whole.,Worry decide choice century. Position stop discuss goal line since sell. According yard them return. Campaign away land rate stand red large.,123,380
https://randomuser.me/api/portraits/women/22.jpg,"41237 Parks Mill Suite 195
Port Katherinehaven, DC 72577",Fish major brother no Mr attack.,Size rock research rather environment red staff. All lawyer marriage health executive modern meeting.,106,345
https://randomuser.me/api/portraits/men/67.jpg,"379 William Ford Suite 663
Lake Matthewtown, OK 16813",Together baby population read look heart.,Opportunity amount lot not until follow. Benefit weight word protect prevent. Ten even attack cover character.,102,455
https://randomuser.me/api/portraits/women/29.jpg,"788 Turner Skyway
East Samantha, MA 45143",Fly billion line knowledge table.,Act exactly travel sing method above. Participant second scientist company. Management protect various.,235,318
https://randomuser.me/api/portraits/women/11.jpg,"USS Molina
FPO AP 70306",West crime fear management.,Choice Democrat feel. Family security skill boy after. Board book loss. State hear measure he along record.,121,18
https://randomuser.me/api/portraits/women/17.jpg,"94095 Thomas Harbors
East Johnhaven, NJ 83287",Feel door month he.,Specific let computer one career but security. Hospital for hundred father again guy available. Media present record little sometimes crime first.,274,80
https://randomuser.me/api/portraits/men/10.jpg,"57421 Escobar Hollow
South Blake, DC 87189",Produce stop animal hard song magazine.,Different if money special apply. Operation add attention attention federal. Would hospital than however.,62,255
https://randomuser.me/api/portraits/men/63.jpg,"5605 Nicholas Freeway
West Calebtown, WI 43530",School man party data.,Decide coach group stock. Already decision expert within make nearly movement. Discover wall system huge report.,248,8
https://randomuser.me/api/portraits/men/77.jpg,"45305 Andrew Extensions Suite 687
South Alexis, SD 08939",Air person billion nothing official.,Successful suffer thus Mr really each garden. Tv industry couple training anyone identify full fish.,227,173
https://randomuser.me/api/portraits/men/11.jpg,"0933 Jennifer Track Apt. 116
Lake Janetview, TX 12252",One such produce.,Exist cut heavy. Tend late participant none fly.,138,353
https://randomuser.me/api/portraits/men/7.jpg,"40639 Rodriguez Summit Suite 080
Lake Rodneyport, OH 34948",Party popular already.,Challenge against friend son. Official represent current. Trade bring seven letter art.,18,92
https://randomuser.me/api/portraits/men/90.jpg,"25628 Vaughn Branch Apt. 467
East Michellebury, VA 32292",High tax difference letter.,Catch local western. Attorney financial often ground report have stuff. Instead already bit attention stop read still.,200,391
https://randomuser.me/api/portraits/women/88.jpg,"PSC 7762, Box 8736
APO AE 93222",Prove huge admit culture by month.,Successful indeed idea grow young line. War situation economic only president himself. Test meeting her.,46,344
https://randomuser.me/api/portraits/women/52.jpg,"9548 Jenna Ridge Suite 264
Wiseport, KS 93155",Star need your executive.,Technology source challenge organization he side. Focus and both position talk ability.,178,82
