listing_id,url
48,https://mike-sharebnb-photos.s3.us-west-1.amazonaws.com/bulksplash-socialcut-NXUGAaaGFS4.jpg
22,https://mike-sharebnb-photos.s3.us-west-1.amazonaws.com/bulksplash-bernardhermant-MQydj99adS4.jpg
13,https://mike-sharebnb-photos.s3.us-west-1.amazonaws.com/bulksplash-dimhou-h8wLc3lbDuA.jpg
8,https://mike-sharebnb-photos.s3.us-west-1.amazonaws.com/bulksplash-notsazuki-ZxDX8D9HHNM.jpg
42,https://mike-sharebnb-photos.s3.us-west-1.amazonaws.com/bulksplash-rpnickson-so3wgJLwDxo.jpg
3,https://mike-sharebnb-photos.s3.us-west-1.amazonaws.com/bulksplash-tannyd-8NivhWR8hRU.jpg
28,https://mike-sharebnb-photos.s3.us-west-1.amazonaws.com/bulksplash-spiritvisionstudios-3S8sFcf4rPc.jpg
1,https://mike-sharebnb-photos.s3.us-west-1.amazonaws.com/bulksplash-fromitaly-XcVm8mn7NUM.jpg
34,https://mike-sharebnb-photos.s3.us-west-1.amazonaws.com/bulksplash-tilemerchant-Ja9KHBwMWWg.jpg
6,https://mike-sharebnb-photos.s3.us-west-1.amazonaws.com/bulksplash-_christianlambert-diYY2TMBY5g.jpg
33,https://mike-sharebnb-photos.s3.us-west-1.amazonaws.com/bulksplash-ntwrk_img-g39p1kDjvSY.jpg
17,https://mike-sharebnb-photos.s3.us-west-1.amazonaws.com/bulksplash-caginkargi-hdX1rZaxJ6w.jpg
6,https://mike-sharebnb-photos.s3.us-west-1.amazonaws.com/bulksplash-bklaver-XX2o7iRo5Z4.jpg
26,https://mike-sharebnb-photos.s3.us-west-1.amazonaws.com/bulksplash-rexcuando-3skLpaOBlMw.jpg
43,https://mike-sharebnb-photos.s3.us-west-1.amazonaws.com/bulksplash-ro_ka-KLcaQxlmhtk.jpg
16,https://mike-sharebnb-photos.s3.us-west-1.amazonaws.com/bulksplash-bigtinybelly-XtnNrQYC7ts.jpg
36,https://mike-sharebnb-photos.s3.us-west-1.amazonaws.com/bulksplash-rumanamin-KLDb309xo6Q.jpg
20,https://mike-sharebnb-photos.s3.us-west-1.amazonaws.com/bulksplash-garth_manthe-iNM7yg71uwE.jpg
38,https://mike-sharebnb-photos.s3.us-west-1.amazonaws.com/bulksplash-lexylammerink-Ky6oJVqdl1U.jpg
24,https://mike-sharebnb-photos.s3.us-west-1.amazonaws.com/bulksplash-zacgudakov-z5_Tv41SZQg.jpg
32,https://mike-sharebnb-photos.s3.us-west-1.amazonaws.com/bulksplash-arcwind--OKp-rhSWE4.jpg
10,https://mike-sharebnb-photos.s3.us-west-1.amazonaws.com/bulksplash-dylanferreira-U_Ph7w9sF5M.jpg
15,https://mike-sharebnb-photos.s3.us-west-1.amazonaws.com/bulksplash-keriliwi-92xWk8SCuEg.jpg
7,https://mike-sharebnb-photos.s3.us-west-1.amazonaws.com/bulksplash-notsazuki-ZxDX8D9HHNM.jpg
21,https://mike-sharebnb-photos.s3.us-west-1.amazonaws.com/bulksplash-plasticmind-OwWbUOIbhDY.jpg
42,https://mike-sharebnb-photos.s3.us-west-1.amazonaws.com/bulksplash-tilemerchant-Ja9KHBwMWWg.jpg
14,https://mike-sharebnb-photos.s3.us-west-1.amazonaws.com/bulksplash-randyfath-OwWsKiVGtQY.jpg
36,https://mike-sharebnb-photos.s3.us-west-1.amazonaws.com/bulksplash-meghill777-5acMVJm3JQc.jpg
50,https://mike-sharebnb-photos.s3.us-west-1.amazonaws.com/bulksplash-arcwind--OKp-rhSWE4.jpg
36,https://mike-sharebnb-photos.s3.us-west-1.amazonaws.com/bulksplash-danzett-KP6kRs5al6E.jpg
23,https://mike-sharebnb-photos.s3.us-west-1.amazonaws.com/bulksplash-vivivi-KtOid0FLjqU.jpg
8,https://mike-sharebnb-photos.s3.us-west-1.amazonaws.com/bulksplash-socialcut-NXUGAaaGFS4.jpg
48,https://mike-sharebnb-photos.s3.us-west-1.amazonaws.com/bulksplash-randyfath-j_bIj51nW8Y.jpg
15,https://mike-sharebnb-photos.s3.us-west-1.amazonaws.com/bulksplash-gabriellenca-6KTPm7R_mLM.jpg
36,https://mike-sharebnb-photos.s3.us-west-1.amazonaws.com/bulksplash-zhutengyu-r934dtv3IMY.jpg
48,https://mike-sharebnb-photos.s3.us-west-1.amazonaws.com/bulksplash-virussinside-H59WxBNSQY8.jpg
5,https://mike-sharebnb-photos.s3.us-west-1.amazonaws.com/bulksplash-robsphotos-MNp5RQcs2ps.jpg
15,https://mike-sharebnb-photos.s3.us-west-1.amazonaws.com/bulksplash-vivivi-KtOid0FLjqU.jpg
23,https://mike-sharebnb-photos.s3.us-west-1.amazonaws.com/bulksplash-zacgudakov-NNHHpdE3uuQ.jpg
34,https://mike-sharebnb-photos.s3.us-west-1.amazonaws.com/bulksplash-heftiba-iwe7ebNPJBA.jpg
48,https://mike-sharebnb-photos.s3.us-west-1.amazonaws.com/bulksplash-raulp-w278yeVi44c.jpg
15,https://mike-sharebnb-photos.s3.us-west-1.amazonaws.com/bulksplash-robsphotos-MNp5RQcs2ps.jpg
5,https://mike-sharebnb-photos.s3.us-west-1.amazonaws.com/bulksplash-daunation-bWijQI4v0dM.jpg
5,https://mike-sharebnb-photos.s3.us-west-1.amazonaws.com/bulksplash-randyfath-Pav8_i4Rylc.jpg
13,https://mike-sharebnb-photos.s3.us-west-1.amazonaws.com/bulksplash-daunation-bWijQI4v0dM.jpg
7,https://mike-sharebnb-photos.s3.us-west-1.amazonaws.com/bulksplash-jurrehoutkamp-SVXht2_xfJw.jpg
1,https://mike-sharebnb-photos.s3.us-west-1.amazonaws.com/bulksplash-anniespratt-meZqF80Sp3c.jpg
44,https://mike-sharebnb-photos.s3.us-west-1.amazonaws.com/bulksplash-keriliwi-92xWk8SCuEg.jpg
2,https://mike-sharebnb-photos.s3.us-west-1.amazonaws.com/bulksplash-meganmarkham-AvDa2eu9wxM.jpg
45,https://mike-sharebnb-photos.s3.us-west-1.amazonaws.com/bulksplash-ro_ka-KLcaQxlmhtk.jpg
47,https://mike-sharebnb-photos.s3.us-west-1.amazonaws.com/bulksplash-anniespratt-M2JO3mATJOE.jpg
8,https://mike-sharebnb-photos.s3.us-west-1.amazonaws.com/bulksplash-randyfath-OwWsKiVGtQY.jpg
1,https://mike-sharebnb-photos.s3.us-west-1.amazonaws.com/bulksplash-matthewlejune-n4I3A4QIArk.jpg
45,https://mike-sharebnb-photos.s3.us-west-1.amazonaws.com/bulksplash-sigmund-6__8SvmcTGM.jpg
49,https://mike-sharebnb-photos.s3.us-west-1.amazonaws.com/bulksplash-joshwilburne-TcBSi3qHn80.jpg
1,https://mike-sharebnb-photos.s3.us-west-1.amazonaws.com/bulksplash-spiritvisionstudios-3S8sFcf4rPc.jpg
36,https://mike-sharebnb-photos.s3.us-west-1.amazonaws.com/bulksplash-olianayda-jBjvi1OEJA4.jpg
24,https://mike-sharebnb-photos.s3.us-west-1.amazonaws.com/bulksplash-camylla93-ashxH5TQ8Go.jpg
19,https://mike-sharebnb-photos.s3.us-west-1.amazonaws.com/bulksplash-hocuspocusphotography-DChAShRsgkg.jpg
35,https://mike-sharebnb-photos.s3.us-west-1.amazonaws.com/bulksplash-maciejonesphotography-1G5vlqdWjgY.jpg
34,https://mike-sharebnb-photos.s3.us-west-1.amazonaws.com/bulksplash-schneidergui-7m6YPd-QpRo.jpg
33,https://mike-sharebnb-photos.s3.us-west-1.amazonaws.com/bulksplash-anniespratt-meZqF80Sp3c.jpg
32,https://mike-sharebnb-photos.s3.us-west-1.amazonaws.com/bulksplash-spencerdavis-9lNJf8-QxhE.jpg
32,https://mike-sharebnb-photos.s3.us-west-1.amazonaws.com/bulksplash-folk-hsm-jZyTNeo.jpg
31,https://mike-sharebnb-photos.s3.us-west-1.amazonaws.com/bulksplash-meghill777-5acMVJm3JQc.jpg
39,https://mike-sharebnb-photos.s3.us-west-1.amazonaws.com/bulksplash-bernardhermant-MQydj99adS4.jpg
33,https://mike-sharebnb-photos.s3.us-west-1.amazonaws.com/bulksplash-koff-_6ROq_LmdkM.jpg
4,https://mike-sharebnb-photos.s3.us-west-1.amazonaws.com/bulksplash-methemood-wZR31RUEll0.jpg
27,https://mike-sharebnb-photos.s3.us-west-1.amazonaws.com/bulksplash-randyfath-OwWsKiVGtQY.jpg
25,https://mike-sharebnb-photos.s3.us-west-1.amazonaws.com/bulksplash-naramen-bj4VNqwcWkA.jpg
32,https://mike-sharebnb-photos.s3.us-west-1.amazonaws.com/bulksplash-dguarino-xy0cdItRhDU.jpg
33,https://mike-sharebnb-photos.s3.us-west-1.amazonaws.com/bulksplash-zacgudakov-z5_Tv41SZQg.jpg
50,https://mike-sharebnb-photos.s3.us-west-1.amazonaws.com/bulksplash-gmalhotra-sl7B0Du90xU.jpg
15,https://mike-sharebnb-photos.s3.us-west-1.amazonaws.com/bulksplash-meganmarkham-AvDa2eu9wxM.jpg
28,https://mike-sharebnb-photos.s3.us-west-1.amazonaws.com/bulksplash-naturalgoodsberlin-SiOhyoER3kE.jpg
5,https://mike-sharebnb-photos.s3.us-west-1.amazonaws.com/bulksplash-mitchgaiser_-IkiaJW5sA9k.jpg
50,https://mike-sharebnb-photos.s3.us-west-1.amazonaws.com/bulksplash-dguarino-xy0cdItRhDU.jpg
24,https://mike-sharebnb-photos.s3.us-west-1.amazonaws.com/bulksplash-zacgudakov-NNHHpdE3uuQ.jpg
44,https://mike-sharebnb-photos.s3.us-west-1.amazonaws.com/bulksplash-hocuspocusphotography-DChAShRsgkg.jpg
38,https://mike-sharebnb-photos.s3.us-west-1.amazonaws.com/bulksplash-zacgudakov-NNHHpdE3uuQ.jpg
37,https://mike-sharebnb-photos.s3.us-west-1.amazonaws.com/bulksplash-matthewlejune-n4I3A4QIArk.jpg
44,https://mike-sharebnb-photos.s3.us-west-1.amazonaws.com/bulksplash-bigtinybelly-XtnNrQYC7ts.jpg
37,https://mike-sharebnb-photos.s3.us-west-1.amazonaws.com/bulksplash-virussinside-H59WxBNSQY8.jpg
18,https://mike-sharebnb-photos.s3.us-west-1.amazonaws.com/bulksplash-methemood-wZR31RUEll0.jpg
18,https://mike-sharebnb-photos.s3.us-west-1.amazonaws.com/bulksplash-spencerdavis-9lNJf8-QxhE.jpg
44,https://mike-sharebnb-photos.s3.us-west-1.amazonaws.com/bulksplash-camylla93-ashxH5TQ8Go.jpg
33,https://mike-sharebnb-photos.s3.us-west-1.amazonaws.com/bulksplash-plasticmind-OwWbUOIbhDY.jpg
8,https://mike-sharebnb-photos.s3.us-west-1.amazonaws.com/bulksplash-bhoogenboom-W_Oe8RuWM2o.jpg
39,https://mike-sharebnb-photos.s3.us-west-1.amazonaws.com/bulksplash-_christianlambert-diYY2TMBY5g.jpg
47,https://mike-sharebnb-photos.s3.us-west-1.amazonaws.com/bulksplash-crrrrraig-f9bSAZfyqeM.jpg
50,https://mike-sharebnb-photos.s3.us-west-1.amazonaws.com/bulksplash-zhutengyu-r934dtv3IMY.jpg
15,https://mike-sharebnb-photos.s3.us-west-1.amazonaws.com/bulksplash-bigtinybelly-XtnNrQYC7ts.jpg
26,https://mike-sharebnb-photos.s3.us-west-1.amazonaws.com/bulksplash-dlehmann-YUToH-SP7Oo.jpg
12,https://mike-sharebnb-photos.s3.us-west-1.amazonaws.com/bulksplash-zacgudakov-NNHHpdE3uuQ.jpg
15,https://mike-sharebnb-photos.s3.us-west-1.amazonaws.com/bulksplash-birgitloit-CnXVHyO1GGA.jpg
15,https://mike-sharebnb-photos.s3.us-west-1.amazonaws.com/bulksplash-koff-_6ROq_LmdkM.jpg
7,https://mike-sharebnb-photos.s3.us-west-1.amazonaws.com/bulksplash-schneidergui-7m6YPd-QpRo.jpg
37,https://mike-sharebnb-photos.s3.us-west-1.amazonaws.com/bulksplash-birgitloit-CnXVHyO1GGA.jpg
1,https://mike-sharebnb-photos.s3.us-west-1.amazonaws.com/bulksplash-pichler_sebastian-8CCQ-55MTUw.jpg
46,https://mike-sharebnb-photos.s3.us-west-1.amazonaws.com/bulksplash-mantoine-gciKxriq3RY.jpg
46,https://mike-sharebnb-photos.s3.us-west-1.amazonaws.com/bulksplash-olianayda-jBjvi1OEJA4.jpg
18,https://mike-sharebnb-photos.s3.us-west-1.amazonaws.com/bulksplash-caginkargi-hdX1rZaxJ6w.jpg
35,https://mike-sharebnb-photos.s3.us-west-1.amazonaws.com/bulksplash-daunation-bWijQI4v0dM.jpg
20,https://mike-sharebnb-photos.s3.us-west-1.amazonaws.com/bulksplash-bernardhermant-MQydj99adS4.jpg
10,https://mike-sharebnb-photos.s3.us-west-1.amazonaws.com/bulksplash-bigtinybelly-XtnNrQYC7ts.jpg
9,https://mike-sharebnb-photos.s3.us-west-1.amazonaws.com/bulksplash-vivivi-KtOid0FLjqU.jpg
30,https://mike-sharebnb-photos.s3.us-west-1.amazonaws.com/bulksplash-maciejonesphotography-1G5vlqdWjgY.jpg
24,https://mike-sharebnb-photos.s3.us-west-1.amazonaws.com/bulksplash-randyfath-OwWsKiVGtQY.jpg
24,https://mike-sharebnb-photos.s3.us-west-1.amazonaws.com/bulksplash-dlehmann-YUToH-SP7Oo.jpg
10,https://mike-sharebnb-photos.s3.us-west-1.amazonaws.com/bulksplash-birgitloit-CnXVHyO1GGA.jpg
17,https://mike-sharebnb-photos.s3.us-west-1.amazonaws.com/bulksplash-alenrojnicphotography-jDlTJSrjlgI.jpg
23,https://mike-sharebnb-photos.s3.us-west-1.amazonaws.com/bulksplash-pichler_sebastian-8CCQ-55MTUw.jpg
48,https://mike-sharebnb-photos.s3.us-west-1.amazonaws.com/bulksplash-silasbaisch-EaJm0ZfO84U.jpg
9,https://mike-sharebnb-photos.s3.us-west-1.amazonaws.com/bulksplash-jancanty-pU8ArN6tmuw.jpg
4,https://mike-sharebnb-photos.s3.us-west-1.amazonaws.com/bulksplash-mitchgaiser_-IkiaJW5sA9k.jpg
24,https://mike-sharebnb-photos.s3.us-west-1.amazonaws.com/bulksplash-pineapple-zpkYWVAni30.jpg
10,https://mike-sharebnb-photos.s3.us-west-1.amazonaws.com/bulksplash-maciejonesphotography-1G5vlqdWjgY.jpg
28,https://mike-sharebnb-photos.s3.us-west-1.amazonaws.com/bulksplash-jennifire24-JFpbSXeSq3A.jpg
6,https://mike-sharebnb-photos.s3.us-west-1.amazonaws.com/bulksplash-sigmund-6__8SvmcTGM.jpg
43,https://mike-sharebnb-photos.s3.us-west-1.amazonaws.com/bulksplash-dlehmann-YUToH-SP7Oo.jpg
20,https://mike-sharebnb-photos.s3.us-west-1.amazonaws.com/bulksplash-rexcuando-3skLpaOBlMw.jpg
43,https://mike-sharebnb-photos.s3.us-west-1.amazonaws.com/bulksplash-_nicksgraphics_-IUl1fiIird4.jpg
28,https://mike-sharebnb-photos.s3.us-west-1.amazonaws.com/bulksplash-daunation-bWijQI4v0dM.jpg
37,https://mike-sharebnb-photos.s3.us-west-1.amazonaws.com/bulksplash-tilemerchant-Ja9KHBwMWWg.jpg
34,https://mike-sharebnb-photos.s3.us-west-1.amazonaws.com/bulksplash-zhutengyu-r934dtv3IMY.jpg
13,https://mike-sharebnb-photos.s3.us-west-1.amazonaws.com/bulksplash-dguarino-xy0cdItRhDU.jpg
50,https://mike-sharebnb-photos.s3.us-west-1.amazonaws.com/bulksplash-ntwrk_img-g39p1kDjvSY.jpg
49,https://mike-sharebnb-photos.s3.us-west-1.amazonaws.com/bulksplash-keriliwi-92xWk8SCuEg.jpg
43,https://mike-sharebnb-photos.s3.us-west-1.amazonaws.com/bulksplash-devon_mac-iyT5FETYF2I.jpg
44,https://mike-sharebnb-photos.s3.us-west-1.amazonaws.com/bulksplash-rexcuando-3skLpaOBlMw.jpg
42,https://mike-sharebnb-photos.s3.us-west-1.amazonaws.com/bulksplash-schneidergui-7m6YPd-QpRo.jpg
34,https://mike-sharebnb-photos.s3.us-west-1.amazonaws.com/bulksplash-lexylammerink-Ky6oJVqdl1U.jpg
50,https://mike-sharebnb-photos.s3.us-west-1.amazonaws.com/bulksplash-charleyfl--bqi28BLIn0.jpg
36,https://mike-sharebnb-photos.s3.us-west-1.amazonaws.com/bulksplash-arcwind--OKp-rhSWE4.jpg
23,https://mike-sharebnb-photos.s3.us-west-1.amazonaws.com/bulksplash-lauralefurgeysmith-rKImO6kVT78.jpg
41,https://mike-sharebnb-photos.s3.us-west-1.amazonaws.com/bulksplash-bigtinybelly-XtnNrQYC7ts.jpg
46,https://mike-sharebnb-photos.s3.us-west-1.amazonaws.com/bulksplash-socialcut-NXUGAaaGFS4.jpg
16,https://mike-sharebnb-photos.s3.us-west-1.amazonaws.com/bulksplash-meganmarkham-AvDa2eu9wxM.jpg
38,https://mike-sharebnb-photos.s3.us-west-1.amazonaws.com/bulksplash-rumanamin-KLDb309xo6Q.jpg
41,https://mike-sharebnb-photos.s3.us-west-1.amazonaws.com/bulksplash-koff-_6ROq_LmdkM.jpg
13,https://mike-sharebnb-photos.s3.us-west-1.amazonaws.com/bulksplash-raulp-w278yeVi44c.jpg
9,https://mike-sharebnb-photos.s3.us-west-1.amazonaws.com/bulksplash-gmalhotra-sl7B0Du90xU.jpg
42,https://mike-sharebnb-photos.s3.us-west-1.amazonaws.com/bulksplash-virussinside-H59WxBNSQY8.jpg
37,https://mike-sharebnb-photos.s3.us-west-1.amazonaws.com/bulksplash-folk-hsm-jZyTNeo.jpg
4,https://mike-sharebnb-photos.s3.us-west-1.amazonaws.com/bulksplash-alex_rg-nqXNxiWOkz4.jpg
48,https://mike-sharebnb-photos.s3.us-west-1.amazonaws.com/bulksplash-schneidergui-7m6YPd-QpRo.jpg
30,https://mike-sharebnb-photos.s3.us-west-1.amazonaws.com/bulksplash-_nicksgraphics_-IUl1fiIird4.jpg
19,https://mike-sharebnb-photos.s3.us-west-1.amazonaws.com/bulksplash-pichler_sebastian-8CCQ-55MTUw.jpg
13,https://mike-sharebnb-photos.s3.us-west-1.amazonaws.com/bulksplash-vladbucur-vQTR3v7zOqs.jpg
29,https://mike-sharebnb-photos.s3.us-west-1.amazonaws.com/bulksplash-tannyd-8NivhWR8hRU.jpg
