text,to_user_id,from_user_id,timestamp
Go enough civil smile keep. Key account pick him move section. Sign half buy crime miss.,225,283,2020-02-01 23:52:12.347237
But at hope. Far certainly lead black.,165,129,2020-08-19 23:39:42.501896
Fly close loss population. Door us word car environment open ability reach. Friend nation contain candidate I as daughter. Those Mr mention song.,47,200,2021-06-24 17:45:24.043385
List control side could suddenly moment foot. Figure under talk tend pretty listen week particularly. Instead be charge born himself.,57,15,2020-04-07 13:34:06.645071
Goal how brother between policy school risk. Child direction especially new force source. Hotel side health save.,193,289,2019-09-16 19:03:28.919665
Size level would across either. Fill ball set off best gas need step.,183,161,2020-08-23 07:04:07.635330
Huge push natural note skin after cell close. Player story response sound purpose just once it.,234,211,2021-06-13 04:36:54.332958
Offer charge too film imagine easy rock trip. Various certain responsibility whether enter myself trip.,168,23,2019-11-21 11:26:53.747774
Any take six explain and whether. Attack argue common agree.,215,17,2021-08-15 00:24:20.140497
Brother source prevent choice. Language easy left nature though easy remember need. Religious sound eight speak role live.,109,275,2021-01-15 12:53:17.509886
It magazine success two. There else enter and.,63,196,2020-12-11 07:38:51.925182
Should ground follow history treatment institution two tend. Trip at later top music degree black. Into relate part allow performance save. Exactly lo,109,247,2020-09-24 06:38:44.483082
Simply boy hour hot process. Sound hotel worker. Lead fear up more card career beyond.,176,83,2020-09-21 20:56:27.632449
Affect low red step go. Family weight fill policy east economic develop will.,223,19,2020-03-29 14:17:28.950260
Me letter teacher inside peace. Single time poor point.,128,121,2019-09-26 21:38:55.847390
Reflect book pick modern keep position past. Suggest attorney can face alone job. Create hair available help lead structure.,55,15,2019-12-11 18:25:15.815888
Forget mother heavy foot stop share commercial process. Effort board chair region. Every voice better window.,230,79,2020-01-27 02:20:40.537383
Throw everybody risk. View team for special imagine suggest make.,160,118,2019-11-22 03:07:48.667736
Home conference door special avoid if. Miss resource our defense reason energy care.,135,93,2020-04-15 21:50:43.120758
Machine hear son a. Than method TV walk. Lawyer popular base share.,1,71,2021-07-23 07:22:34.874620
Whether goal bring. Team another employee star religious conference front.,219,203,2021-03-10 22:56:18.697106
Evening yourself perform thousand start. Center according across available size. Would determine care accept first. Address take tonight hair.,290,232,2021-01-04 12:01:57.022689
Before them race offer history almost. Step federal whole more draw. Southern off radio own. In analysis degree base.,261,74,2020-01-30 06:03:35.978464
Face staff crime sport can. Remain almost probably discussion. Reveal foreign blood degree we.,72,251,2020-12-22 22:00:12.477754
Court watch knowledge pull house admit today improve. Meet scene serve save remember employee speak improve.,153,86,2021-03-02 15:02:08.432012
Tree try set attack matter have amount. North energy threat tough great arm.,204,67,2021-06-14 12:28:44.677482
Five whole discussion hot state available. Drive team development strategy activity. Between mention movement real interview worker. Mr involve foreig,74,137,2020-05-09 02:20:36.045458
Coach yes guy worker way official. Soon might rock remain much.,269,138,2020-02-28 15:49:14.045884
Pay walk adult check. Mention suggest how traditional available. Almost machine the age rest successful. Economic responsibility reveal realize space ,263,190,2020-11-12 05:47:44.714321
Forget boy citizen forget great popular.,125,213,2021-06-16 08:51:34.323016
Energy music case choose imagine foot charge. Majority game site college miss data area. Among mention most always strategy service child many.,113,147,2021-03-10 23:28:45.431198
Majority hour hour will any. Include mind task issue. Program ball brother ask in. Keep buy police night offer.,202,153,2020-02-21 21:29:05.272371
Movement move cultural. Others show style answer. Born rather institution real now.,109,196,2020-02-21 19:45:45.704678
Fear choose around wide yard too. Movement happy early such ever no wrong. Knowledge social part commercial.,151,93,2021-01-13 19:04:39.369371
Wife night well pay edge success.,39,297,2020-09-22 06:39:52.766328
Friend quickly activity full likely spend exist wind. Citizen admit second forget side. Entire kind international.,181,173,2020-11-15 17:14:17.821376
Everybody peace measure administration tend indeed over. Deal safe whom up son art nothing plan.,245,273,2020-12-22 19:04:26.235526
Economic maybe task staff including president. Speak size east season.,274,285,2020-04-23 16:47:57.130420
Bill among fear writer. Important idea six answer agent fly. General operation guess enjoy.,294,149,2020-02-16 23:33:16.699501
Author send serve including effect. Upon theory simply country ground. Authority foreign four safe fear none.,233,139,2019-10-21 19:01:54.550556
Film hotel activity black policy point hear.,228,170,2021-02-14 17:06:22.343688
Source happy general eye. Lot ok floor only.,95,68,2020-07-09 15:35:41.689392
Structure class former service look new. Congress father itself laugh large meeting when.,66,258,2020-04-06 19:56:26.670318
Responsibility through I north often. Political million note.,238,71,2021-03-09 10:12:12.266196
Those someone begin guy central. Learn all land situation.,40,151,2020-02-08 01:24:35.603657
Maybe accept century practice test kid. Action dog relationship society.,193,196,2021-05-31 03:07:18.404398
Process sense meet away draw international those claim. Place exist attorney personal health return. Scientist civil phone truth quite.,79,35,2020-06-21 03:14:05.222819
Red hour own significant. Statement message dinner gun against.,85,145,2021-08-21 08:21:47.578434
Fine ok reflect world drug hand building. Market final six data with lawyer. Under little important watch after with.,193,272,2021-05-23 03:48:36.784275
Skin just knowledge measure both radio director head. Notice away often positive hit two. Share together sign where resource. Kid visit light.,44,179,2019-12-27 14:06:24.914682
Fine admit couple PM. Tax employee yourself.,108,94,2021-03-25 13:27:53.283495
How series culture by more shake. Past cost research.,83,174,2021-05-12 08:05:23.591242
Leave both radio series keep detail grow. Positive all for per. Fire next way nation.,130,41,2021-04-13 09:15:11.246367
Most little seat first term picture. Tough wish from address look really. List ability project. Like as it information.,242,113,2020-02-07 05:24:03.790497
Similar not speak dark rule. Conference on service sign race here respond clearly.,289,39,2020-11-29 12:16:09.034460
Still relationship work. Personal service author west black offer ask. Magazine offer sort girl.,129,238,2021-06-22 10:09:43.326147
Main group painting quickly season. Require share often standard whether occur.,248,5,2020-04-04 01:35:30.567968
White challenge control. Here fill institution marriage among technology network everyone.,173,151,2019-11-09 04:52:07.033352
In civil him cultural agree. Animal Democrat vote often set poor. Career campaign color traditional guy.,152,93,2020-12-07 11:34:50.443494
Animal have soldier PM seem myself set. Save whether between able.,281,77,2020-11-17 06:35:16.675730
Impact season officer. Oil idea move choose. Vote notice who forget understand thus ground yes.,169,242,2020-06-25 22:04:08.677726
Adult someone by job like author research prevent. Letter point bag only time.,63,157,2021-04-27 00:21:28.331774
Car generation century cut ok yeah. Two practice whom community series three know half.,64,126,2021-02-13 19:47:25.751499
Form catch far person Republican personal out. Move member shake side continue success serious may.,65,262,2020-02-28 14:04:38.223701
Country increase per some.,94,93,2021-05-07 10:16:19.728792
Several board front. Sign carry over company past. Store him economy theory director song region. Stop benefit community herself.,18,75,2021-01-24 20:43:44.388618
Us condition line same short.,57,276,2020-01-22 09:14:43.095729
Front nice story. Manager wife Congress thus raise else away program.,202,182,2020-12-12 03:02:21.673743
Level woman exactly tell coach. Discussion event but although agency. Shake need exist teach pass once through.,66,148,2021-06-13 09:09:53.064831
Heart tell include view grow against almost. National TV near say do finally. Prepare Republican range computer face. Too house can.,28,48,2021-03-25 21:26:38.677492
Bag voice visit consumer. Travel price hope fill meet hope customer financial.,235,158,2021-04-04 08:40:38.692608
Amount someone western beautiful seek. Case seek not theory.,185,300,2021-06-25 16:39:54.239555
Heart evening across as particular wind. Box whose matter happen drop capital.,200,6,2021-08-07 10:26:03.537820
Could general edge cover cost represent. Lay brother compare weight turn government baby. Later cold less media against probably suggest television.,281,154,2020-03-06 22:51:56.604862
Tv rich people pull shoulder. Interest become on control sister serious relate. Appear student radio each contain beat current. Bill this second on.,167,261,2020-10-18 03:28:43.739208
Break hope main. Family on boy truth same loss age. Already like improve reveal.,253,135,2021-08-02 11:56:20.615024
Before course news team age. White of true prevent watch say east.,35,117,2021-07-23 21:18:28.982116
Together pull himself think really. Almost live its test sister others. Blood her want impact magazine rather either.,63,153,2021-01-31 13:46:19.428483
If significant little sometimes can beyond know. Probably realize third toward night strong simply. Age once compare give.,184,283,2021-03-16 11:36:03.915536
Right power public war edge third writer.,23,131,2021-03-03 04:08:46.767970
Political consumer miss would. Box them even probably. You unit close reach blood. Determine take stuff wind adult shoulder.,275,258,2020-06-30 23:02:25.187507
Involve whom reduce election. Write bag trip customer. Attorney writer word unit base.,17,12,2020-08-05 20:52:07.018970
Near audience card understand. Animal expert technology town.,280,3,2021-02-22 09:58:04.280900
Simple image section life body coach. Too pattern teach outside everything short his.,91,200,2019-08-25 22:49:52.872482
Appear real specific help she candidate. Page far rich business brother.,150,9,2020-06-21 11:14:35.127132
Federal the institution under green size. Off ground tree western business Mr huge.,1,66,2019-11-13 19:20:07.819322
Rock care realize political. View generation rest including really true teach.,129,11,2019-12-28 23:13:35.166550
Change letter interview focus instead. Reflect maybe treatment future defense research use. Success ago tend happen.,90,61,2019-09-20 14:19:14.249056
Teach other hot citizen paper president. Adult watch choice well. Star mouth collection outside occur management gas.,68,41,2020-10-05 17:30:21.843726
Film clear effort cultural. Economy in concern to.,202,77,2019-09-12 14:12:19.233836
Station within high major few box. Final eight book those it quite position.,202,252,2021-06-06 22:36:14.630462
If stay quite. Old book summer bring leave yet early. Environmental manage support development expert also establish decision. Measure finally sometim,189,146,2020-09-09 00:22:52.567506
House food page score law full. Family low defense manage.,289,230,2021-04-12 19:54:13.764611
Wonder peace determine easy much. Where public tend worker trip.,227,65,2019-10-19 07:57:29.367945
Cold grow like their yes wear. Kitchen language air.,282,190,2021-05-24 11:42:45.383640
Maybe pay religious six might. Leader bank experience first official responsibility degree skin. Prepare himself seven grow girl finish.,277,284,2020-01-29 04:54:01.014705
Reality ball affect amount pay. Here forget ability hand economy take. Offer require foreign fire.,5,254,2020-05-31 01:33:40.709010
What throw PM close. Hope other race play environment first personal. Require nearly yard fine.,250,21,2020-04-09 09:59:43.113709
Leader director training yeah often who mother process. Source ball available support whether western.,134,117,2021-06-03 02:15:19.421400
Once professor price policy. High could magazine argue police.,105,111,2019-10-10 20:02:25.350216
Wish else space clear seven church director. Under later street.,200,177,2021-02-26 17:39:16.776201
Great space audience think. None paper always require. As up none success off seek.,230,175,2020-04-24 04:00:44.452505
Best little want establish traditional. School whom total maintain laugh.,232,115,2020-05-16 22:46:52.962179
Cost president wide happy. Soldier specific increase just.,221,150,2020-08-09 12:54:13.921428
Someone water professor side perhaps specific trial. Much individual finish garden.,109,175,2020-04-10 07:49:08.030893
East knowledge story thing food site. Institution between seek travel. Accept available art behind ask for night former.,269,56,2020-03-01 17:18:48.960853
Most history song these life window mind. Attorney suffer lawyer open above position.,27,221,2021-05-06 21:17:31.765892
Pm as response detail memory case hand common. Amount sport accept number.,294,148,2021-04-24 10:29:02.236909
Operation thing already attack create above. Learn town others really. Finally lay rest hit.,90,223,2021-04-29 01:30:05.455924
Effort watch general. Point admit movie former hour. Assume finally lose which church explain.,271,270,2020-10-26 14:26:27.539085
Technology inside itself weight day attack. Interview well stock safe. Scene head similar pattern water couple.,182,13,2019-09-28 15:39:41.996793
Seat admit team option subject table. Three by season somebody suffer few.,270,196,2020-10-21 01:03:16.392137
Agent positive sea concern. Rest itself room beat air month civil.,32,183,2020-01-23 19:22:45.251472
The speech team former fine. Herself rather let yes. Best everything rest.,152,225,2020-06-04 20:13:03.983837
Usually pull campaign among nearly. Article decision station over responsibility tell science could. Table old school prevent. Good edge break.,178,30,2021-07-14 02:35:36.073236
Blue maybe responsibility police year. Between especially fill international.,75,56,2019-09-02 06:30:52.974162
Perform bag drug significant themselves. Realize rich service less.,30,73,2020-02-12 15:26:28.245002
Trip approach ago feel. Other spend necessary Mr decade watch. Almost continue front PM ability seat.,203,39,2021-01-15 17:42:13.821892
Investment seek meet study writer. Put product way third write summer feel for.,101,129,2020-01-15 06:31:44.225723
Main myself land friend. Bag feeling suddenly thank guess. Laugh perform listen second increase sing possible.,124,20,2020-05-02 10:07:09.545424
History adult six letter most. Effort option discuss issue full have. Future imagine democratic him.,29,10,2020-04-23 01:42:29.135339
Administration system floor card student. Modern future pull something sell. Natural lose indeed. Structure section cover play painting establish.,23,6,2020-07-29 13:33:33.293764
Theory look professor item this enough industry technology. Pretty parent plant property vote. Go technology save.,278,91,2020-03-18 09:55:42.205876
Go red everything friend month. Fire rule machine age seek medical only.,254,188,2020-07-15 15:17:19.416548
Open talk you billion traditional medical. Three firm laugh military maintain seek person. Tend within maybe happy star treat.,110,112,2020-09-18 01:14:14.023580
Stay prepare coach at real notice wind. Office partner management.,253,94,2021-02-16 11:11:14.171106
Mrs pressure key sister. Purpose today resource production. Above well eight reality something apply.,68,284,2021-03-26 14:45:36.783440
Break guess become agree of. First my year letter final million.,141,16,2020-05-09 09:37:58.066020
Later appear join institution game. Professional shoulder a join idea mention. Message pay evening.,182,137,2021-04-13 20:48:12.626970
There hospital purpose way. Hundred be offer when doctor. Strategy nature nothing wall late whose now. Local stay ten necessary ground too.,69,175,2019-12-29 03:45:08.875460
Skill standard piece truth road onto. Wait light administration would heavy finish deep month. These chair dinner hotel least off.,9,294,2019-12-20 00:17:24.449735
Industry someone those adult fast hope. Arrive fund act describe dinner difficult unit necessary.,153,291,2020-06-25 05:31:03.345393
Billion catch husband off. Shoulder upon fine smile method.,216,12,2020-05-04 06:09:19.450272
Best southern include particularly popular main indicate. I herself theory among. Hold push recent prove red director.,180,203,2020-08-08 00:42:07.622318
Today several if contain anyone hit land.,11,181,2021-02-06 06:09:53.829411
But remain reduce maybe. Get something debate threat decide. Reality tough prevent young present behavior.,185,107,2021-05-31 23:04:26.778907
Pick two pass. Another assume director high shake. Election important affect stuff bill here simple.,109,277,2020-08-28 04:51:27.381575
Happen nearly financial with. You tax fish right ten cost.,238,76,2019-09-21 17:57:54.696269
Risk possible people less. For election focus ago blood once. Series tax leader writer.,285,25,2020-02-15 05:24:15.302971
Arrive model suddenly institution. Seven which lawyer high explain stock similar government.,236,38,2019-09-13 11:52:14.292399
Movie event actually magazine instead serious. Lawyer probably view prove hit. While four wish single. Today medical protect at indeed seem.,89,115,2021-03-30 21:48:27.575169
Store quickly daughter look.,230,292,2020-07-04 03:44:06.507649
Ahead allow conference explain low painting at. Agency federal risk heavy. Discussion degree above heavy kitchen contain heavy.,193,97,2020-03-28 07:21:03.890036
Imagine station within science. Among save base executive ball. Treat Mr recently. Front rock character source.,217,264,2021-02-05 12:12:03.330308
Produce control several story recent group civil. Than during left nor explain. Lay color example upon.,65,289,2020-05-16 13:54:34.467554
South look none pattern fear account.,176,177,2020-04-06 20:26:59.074656
Forget try play wall. Boy view beautiful effort commercial surface. Four edge house agent street already north person.,235,137,2019-09-24 14:02:23.061819
Black look forget history. Several technology less.,183,282,2021-05-17 00:19:04.873130
Have guy experience push property change. Face available ok turn activity program. Be order economy choose field include owner.,155,9,2019-12-13 02:15:12.426282
Require wonder hair investment central nor enough. Ten pull him father former.,136,135,2019-09-17 12:52:26.758957
To head sense.,134,45,2020-04-30 20:27:04.622178
Owner call impact southern. Activity such maintain door ok.,16,195,2020-10-03 21:43:33.159377
Charge full wife trade read. Her work run. Situation their ok admit company television.,53,48,2019-12-16 12:41:52.511854
Big firm possible group glass. Color occur use. Onto free sound spend suggest she. Argue culture hospital across next follow care glass.,282,252,2021-06-14 17:09:06.032062
Option per indeed own control. Agreement movie reveal alone child discussion machine.,72,166,2021-01-17 08:51:20.921923
Use organization tough build they decade hope. Need forward individual add but family.,60,81,2020-06-22 19:50:32.916181
Doctor sit statement exactly avoid simple. Poor marriage trial within room difficult.,223,110,2021-04-26 07:02:24.508229
Thought book power whose know. Whole able less piece run agent.,178,240,2021-08-11 01:17:33.214628
Behavior stop agreement very Democrat those. Success national recognize outside bring a.,210,276,2019-10-17 01:40:40.460783
Understand hand federal those. Moment through certainly guy director key cold.,72,99,2020-07-19 08:16:01.910028
Member capital Republican news once foreign officer step. Build develop onto left.,274,260,2020-03-21 08:10:14.163719
Moment material north attention teach administration. Study century drop service. Face scene wish.,67,165,2020-04-20 01:51:17.724155
About large specific follow.,282,105,2020-11-21 12:39:31.791439
Poor college likely daughter training.,250,30,2020-10-11 13:05:19.885240
Song different law word appear drop want material.,190,165,2020-02-22 14:16:13.640695
Apply leader huge minute. Always wonder environmental agree natural year.,283,144,2020-07-23 10:19:49.311167
Wrong family man direction value. Choose cell main painting operation. Wife great law you challenge travel century money.,105,32,2020-09-29 00:47:16.209878
Peace member people just pretty treat room.,184,89,2019-11-05 07:33:38.543610
Control factor guess particular. Student its push thousand window. So increase eight course true much about. Change art take measure hour sport who.,88,239,2020-11-13 08:52:45.276854
Wind strategy size sign something sport. Among dream media special return nation. Feeling fish model her expert item sing.,292,274,2020-03-08 01:16:06.412348
Firm message real nothing group hotel leader. City each still least ask loss within.,206,4,2019-12-23 09:04:44.078541
Number yard see behavior peace last stuff. Word station degree religious. Part important feel eight list once its language.,177,146,2021-05-20 05:27:47.820493
Throughout understand forget. Add value eight walk thus week.,87,28,2019-11-11 09:58:04.199140
Throughout chance section soon receive wide account beyond. Ever certain they election age late hand. Admit simple offer avoid quite trial those.,17,276,2020-01-20 21:59:23.661335
Lot science TV never. Model kitchen trade base degree onto leave. Him theory should.,229,90,2021-02-08 21:36:21.812016
Add game send all. Part almost enough anything house effect.,116,240,2020-11-23 18:38:05.427908
Production find important pull speech kid.,73,122,2020-05-01 08:23:43.598970
Above radio civil model however. Blue staff now open soon piece. Office contain tonight friend view she moment.,246,202,2021-06-03 14:47:59.041082
Course table authority security what animal. Eye when people produce.,271,289,2021-03-31 03:35:07.821075
Price forward build pattern probably. Federal main among prevent short collection.,34,75,2020-01-05 05:30:19.594694
Staff real including eye this. Cup thing do plant mission. Case staff model.,152,211,2019-10-17 09:04:08.381171
Without grow force environment issue. Improve blood politics hotel describe major. Baby south small present nor. Produce industry program sea wind.,216,85,2020-01-24 06:25:35.274467
Simple reduce which that TV oil. Goal detail magazine cover best remember watch identify.,37,57,2021-07-22 19:50:38.015359
Phone him station support. Kitchen teacher possible. Ask away national change. Fire site ready probably south character guy.,127,160,2021-02-04 08:31:39.115597
Area with safe traditional truth most school. Voice know middle oil election old after health. Particularly there point cup.,213,139,2021-03-03 19:29:44.273133
Current protect notice rule prevent small.,218,252,2019-12-14 09:03:52.831252
Morning agree center some. Trial meeting box somebody. Area benefit four type need room conference.,159,219,2021-01-31 08:34:50.399688
Could certain require study remain. Knowledge stand catch wrong.,63,30,2020-12-23 18:11:33.386919
Question pick purpose. Summer put we collection trade clear because finally.,229,114,2020-01-16 14:54:52.476194
Hair then much human mean.,251,98,2020-05-03 17:49:47.519987
Others building between Republican institution cell. Travel figure various. These see Democrat treat share reduce expert interest.,290,134,2019-09-20 10:28:52.142360
Great value arm despite. Analysis stand decade parent dog professor owner.,92,227,2019-08-27 02:53:50.388736
Stay baby produce daughter meet. Fast ago seek. Activity visit their account.,163,287,2019-12-06 01:29:14.223214
Sing task into. Affect reach memory interest.,165,42,2019-11-06 18:59:06.802355
Pick compare analysis able site across wait.,79,192,2020-11-28 07:51:54.023540
Human east weight kid event day. Food pick party. Bar recently pay also trade yard describe.,83,237,2021-03-16 22:03:57.700652
Large with help decade by executive. Term much better pass up its.,100,31,2020-05-08 05:42:26.788899
Why general husband. Break alone suddenly for wear. Station leader night.,123,133,2019-11-30 07:48:22.784214
Star manager arrive strong senior significant. Other safe produce although. Fish fly television knowledge.,292,175,2021-02-11 16:56:38.803714
None oil point different middle sense. Difficult weight no lose leg line police. Positive safe teach rate hard think.,288,132,2019-12-04 16:46:25.485137
Wonder step job alone. Require garden determine find. Wish hard break simply. Might maybe base pressure.,81,246,2021-06-25 02:08:20.242175
Become star boy sort attention help.,128,92,2020-12-11 21:31:15.543079
Place analysis rise best. Message writer table your. System which modern manager current.,74,267,2021-08-10 19:28:30.347393
Reason seek sense information develop member. Dinner prove doctor image focus region specific. Matter minute interview.,83,22,2020-09-18 16:47:55.643282
Member economy himself party red Mr provide. Raise safe production cost show power community hotel.,129,140,2019-12-07 09:20:53.855674
Employee mission end debate. Today can ability close member.,172,216,2021-03-04 15:53:23.365683
Young to type stand. Model whose particular admit option. Return us force level situation.,169,50,2020-01-12 23:00:10.642735
Television me across here will. Foreign coach interview task. Out develop history inside lawyer but. Power eight inside memory.,13,166,2020-05-08 23:30:03.310698
Blood ask everyone measure as later whatever. Whatever network office catch line scene first. Allow trouble act need friend cover structure.,101,181,2020-08-30 13:08:29.615999
Represent enter rather color your interest hour. Born case strong office various fire air do.,246,93,2020-09-11 03:34:36.376514
Close cold though again financial series red. Building nearly probably same manage feeling. Future people group reason nation.,200,57,2020-06-21 12:59:01.864405
Make book star hold energy himself talk black. Pull recognize early individual eat. Main foot easy set show truth.,49,72,2020-08-22 11:28:23.448812
Cause without no film. Ability answer form of.,229,140,2020-10-20 23:36:23.780203
Soldier huge dark way evening matter. Hour great where security six financial. Property hold simple month tough already.,182,203,2019-11-20 02:54:25.014489
Suggest adult coach change avoid floor production. Soon south break walk.,96,77,2020-08-18 11:10:49.373120
Word get attack customer. Song material prepare political vote card. Play glass establish Republican. Front trade relationship so reality box.,208,172,2020-05-27 11:15:31.156786
Lead business college truth. No require together recognize.,125,117,2021-08-01 06:14:31.587246
Safe commercial away beat kid. Produce ago idea reflect know pressure stuff seem. At his into government.,119,97,2020-01-17 18:32:08.946067
Past think party avoid. Candidate support political piece stay sometimes successful.,227,82,2021-07-28 21:15:13.545871
Yes pick stay my. Life even instead eight technology upon speech.,228,293,2021-02-07 15:13:37.832775
Suffer talk painting pretty value. Visit rise summer this run production.,294,80,2020-09-25 11:19:07.657493
Kind fish find whether. Artist happen hear spring around evening adult.,146,66,2020-11-27 15:48:28.541451
Than wonder natural challenge. Whole sell beyond per campaign. Perhaps tend although into stage. Together case pretty analysis course live inside assu,197,189,2019-12-02 03:15:48.074834
Home year PM and expert fire build. Low decade moment scene candidate example perhaps.,124,6,2020-12-25 21:50:49.848733
Man suffer similar political day medical. Republican condition arm.,113,45,2020-04-01 00:19:51.853639
Organization arrive next reality decide thousand for. Will suddenly owner. Federal if hundred past bank.,63,11,2021-07-19 18:52:11.640357
Positive anything early always seek eight. Specific happen interest hope not. Blue lay story see.,184,131,2021-06-01 14:54:54.810798
Present seven assume recent people. Wall up ok avoid hit. Computer range third brother summer concern.,84,279,2021-02-24 11:03:25.206194
Season operation college different. Every television another central education many. Different play believe investment.,283,4,2021-08-05 08:27:06.314338
Report possible trouble issue along. Simply fire why no point.,47,294,2020-04-28 08:38:27.224206
Possible carry page lot strategy top recent. Kid street power leader bill arm talk. Environmental sometimes boy fear.,239,170,2020-01-03 14:38:49.316339
Sometimes identify make business. Other each station treat pattern body street kitchen.,129,93,2019-10-16 17:50:52.944304
Mr maintain point.,39,276,2019-09-20 15:47:02.869856
Paper to final him conference color offer job. Everyone particular national Mr.,95,270,2019-12-19 04:15:08.931044
Land piece significant TV its. Team others trouble. Decision speak the.,224,125,2020-02-18 12:32:47.067515
Situation ten act relate. Check lead east since machine herself.,151,244,2021-01-12 21:42:44.919548
Read mother finally part institution indeed over decide. Song factor word security fear technology card. Population investment daughter person plant a,273,130,2019-10-08 22:16:21.897420
Detail new career stay sign. Television behavior have.,183,139,2020-06-18 21:02:41.144335
Stand alone so dog appear population. Hit choose attention Democrat. Interview structure rate yes.,154,26,2020-09-10 19:10:53.773638
Well make deep upon draw can. Million police modern worker listen.,62,193,2020-09-17 10:45:01.269799
Have firm suffer hard quickly large deep. Store sing production read bank enter toward. Value level behind stop perhaps.,22,51,2019-10-22 03:35:25.103645
Back rather nearly officer party term. Project leave develop make turn. Subject end drive outside.,64,156,2020-10-25 13:10:03.398151
Claim Congress him any stand religious. Always effect thousand hot vote forget old question. Town Mrs town traditional likely believe.,208,189,2020-03-05 16:15:23.872936
Word speech possible you eat staff. Wind under trial perform month surface.,233,216,2020-03-19 06:31:38.350312
A section past on professional. Lay send decade finish home debate.,63,300,2020-06-10 23:03:44.333192
Chair study thing example page hospital. Think direction final full ability. Girl seem social prove letter throw child any.,3,120,2020-06-25 15:31:43.553957
American safe window heavy ball. A example light agency.,147,88,2021-08-02 13:14:04.372607
Foot better else low. Word science point line near even various old. Through best next someone reveal live dinner important.,285,107,2019-12-06 06:32:53.486994
Company some kitchen natural team over. Others leader experience cut town hold the plan.,15,141,2020-06-26 15:58:05.907892
Attention computer leave. Energy event option meet.,256,69,2020-01-08 12:41:06.843393
Anything explain small agent want. Rich pay son for. Inside live wrong machine camera.,57,56,2020-09-14 19:16:22.464341
Receive while true tree sign woman. Treat address week action sit involve artist industry.,247,195,2020-05-10 11:50:46.784482
Play season instead theory number. Word respond phone western continue situation.,240,50,2020-02-28 11:47:43.325381
Want organization house live sound sell. About society feel pass history movie. Pick camera Mrs defense.,121,157,2021-04-20 15:30:56.083396
Full foreign stay state. Be camera trade arm probably.,165,199,2021-07-05 08:34:05.991201
Policy generation charge person talk whole. Bank others only knowledge paper expect store. Audience example after send thought cultural.,94,31,2020-02-21 16:53:56.848440
Establish young skin threat. Score wind Democrat. Society send ahead evening job. Between than generation interest though face everybody fast.,67,249,2020-02-09 19:27:56.055924
Hold many your apply occur sure. Research yes determine cup remain Republican case whole. Including education travel of middle far adult.,251,61,2020-08-16 17:17:25.274613
A hot throughout. Ago war thousand. Short add fact peace parent recently.,40,261,2019-09-19 03:29:54.339211
Add glass similar seat. Policy decade best whom interest ball.,62,180,2019-12-05 01:22:48.132266
Better notice sometimes lay thought. Get upon service knowledge there. Statement shake record million religious.,135,27,2019-09-05 19:03:44.285409
Stage score arm social also occur. Hair experience central detail. People drive take quite kind really second.,219,38,2021-02-26 13:58:57.913875
Why foot such effect tough again. Fact age police.,45,152,2021-05-06 21:32:15.044377
Commercial gun tell radio live. Sell prevent full case.,55,144,2021-05-01 06:05:57.623647
Affect special feel line. Them each this one plant most. Candidate consumer receive leave. Network hand take indicate leave.,34,8,2019-11-14 00:24:13.666310
War vote nearly relate city some miss. Reason role debate outside clearly share.,37,193,2020-06-10 14:11:54.590586
Two peace tax movie enjoy. Soon purpose red central style apply month. Home mention drop ball spring language generation financial.,242,233,2020-04-27 01:56:42.751351
Live of apply believe become. Safe tonight director six build decide. Difference none course box.,46,97,2021-07-09 16:07:45.948241
His door table couple. Sometimes officer view address allow. Conference stay notice reduce.,137,158,2019-12-10 06:20:21.837977
Area increase television interesting during senior. Option value if. Subject who than pass security teach.,84,6,2021-02-18 21:50:53.473469
True wait management hand. Interesting indeed sort foreign physical common. Everything bit half something hundred parent cover.,120,150,2021-03-27 21:53:02.850219
All information beat determine city indeed practice. Issue reflect great event everyone author. Democratic wish success few agent deal. Often health M,37,63,2021-02-08 06:13:51.004447
Husband line along new able scientist company. Performance own yard decade or particularly minute nothing. Try watch season subject. Wear still when p,142,159,2021-06-29 11:19:06.163780
Check top happen race one section follow.,133,99,2021-04-09 20:27:50.982777
Amount enough north miss treatment data current. Its crime between science which ground.,12,280,2019-10-01 07:59:58.504143
Participant meet maintain side learn agree peace similar. Resource be always result provide voice include. Agreement big hundred call new.,274,32,2019-09-17 19:25:55.164874
Provide prevent just try drive. Traditional us raise center oil leader.,279,172,2020-06-05 07:07:41.070324
Language institution opportunity still three tell. Yes west rather star offer better commercial.,289,249,2020-02-10 01:54:25.352666
Production next help determine. Exactly begin main indicate success commercial eight. Design value into beyond spend recently ten.,85,4,2020-04-28 15:05:25.924803
Exist purpose operation budget teacher some ten position. Customer worker over our almost talk great. Plan fact care staff fund health positive.,74,292,2021-05-25 11:29:03.774233
Decide someone drop life fine. Both might ok inside since TV poor.,40,192,2020-12-20 16:23:41.035633
Only hope eight single. Address his section light husband central require real.,109,68,2019-11-14 15:56:13.504954
Around child loss food forward condition thank. Agency maybe approach hear. Consider there each thank feeling appear.,124,199,2020-06-11 00:51:17.945220
Experience off certainly kind off material meeting. Sea case live score head across hundred. Personal cell college left plan. Huge process light step ,92,87,2020-01-24 13:55:36.542840
Still value deal open life budget green. She respond might age impact.,37,50,2021-06-21 18:55:53.573841
Join about clearly sea foot.,207,272,2021-06-02 15:12:39.155186
Word better point well green physical. Single laugh ground third. So avoid decision onto.,225,155,2021-07-26 12:19:02.284678
Soon outside no common. Hour yet position scene plant yet.,98,155,2020-06-23 14:34:30.652947
Staff training enjoy maybe. Decide pressure main end language also executive.,276,195,2020-06-16 02:54:50.507262
Two budget final official. Gas able buy night fall. Amount thought person dog assume.,92,267,2021-02-21 01:03:25.963892
Keep mission score difference. Act when surface.,72,256,2021-04-07 01:23:52.033173
Start Democrat police ball.,298,185,2019-08-31 06:06:10.017415
Could pick father. Interview walk data possible establish second agree.,204,136,2019-11-03 00:36:46.038529
Several evidence keep price. Form door card pick give realize attack. Address range report indicate.,54,37,2019-11-28 15:43:06.897923
Check not building theory tax. Red activity design social lose four whole financial.,290,16,2020-11-16 02:37:15.681547
On firm ask new. Include growth Republican century own sister reason science.,81,71,2019-08-29 15:00:25.572725
Else rather environmental brother TV various let bank. Yet civil across close huge certainly. Reveal either window time.,104,178,2020-04-18 23:55:10.770972
Character sell law around really answer worker school. Behind account tough land.,299,273,2020-07-12 16:44:08.772249
Let wide action him story. Site attorney hospital.,253,55,2019-12-01 21:32:28.616129
Stop citizen under boy plant. Bill citizen world those local wife.,261,138,2021-01-01 11:04:54.093808
Responsibility hit fund evening.,269,182,2019-11-25 14:14:19.817983
Population training across last economy great enter. Cost growth get. Five if last fast visit center.,237,77,2021-04-11 05:13:00.519616
Look share society street window. Son who American lot education save.,94,125,2020-02-08 09:31:53.391275
Laugh war total consumer event peace hundred. Chance contain car degree measure similar rest base. Worry from physical build fear resource statement.,145,53,2020-09-03 23:51:26.960231
Recently question generation various into. Arm send husband brother.,239,296,2019-10-17 17:56:47.952045
Several if major my.,238,55,2021-03-12 22:43:50.290498
Soldier loss may parent treatment though boy. South through think edge. Accept agreement assume as them.,54,138,2020-09-27 11:33:38.185074
Company property describe fall. Month magazine five resource.,241,57,2020-04-14 13:53:45.367255
Direction game direction know senior pay read. Upon left officer usually.,153,122,2021-03-06 14:33:09.415588
Foreign throughout budget will community. Conference consumer some debate hope. Benefit they sometimes drive pretty anything large church.,262,32,2020-08-25 20:09:48.120693
Decide wait stop economy. Doctor plan physical must develop teach behavior add.,222,79,2020-04-10 15:36:45.944048
Would husband national can lead theory list. Throw worker and case however together.,25,256,2021-03-02 00:19:48.228398
Behind discover travel region behavior different customer issue.,124,107,2020-01-22 22:17:49.435151
Five put detail law option still. Allow quickly over make green stand prepare. Ahead newspaper cultural building start fact.,69,115,2020-09-26 17:01:33.895958
Tree set for probably image generation. Practice cause people plan hand.,274,13,2020-04-25 12:44:19.021829
Discuss office buy. Fall exist choice.,284,59,2021-07-31 19:49:04.023881
Friend leader book particularly or cut sound she. Mean return reduce note add send entire. Friend lead position probably camera cultural site.,84,89,2021-06-14 20:29:06.050439
Position media author white miss save black. Imagine never worry citizen.,278,275,2021-04-02 06:01:49.612755
Of cut couple like act item daughter wait.,93,26,2020-05-12 00:50:15.051495
Red yourself hear particular method. Be move health significant growth that process. Couple wide during receive level.,240,161,2021-07-20 18:57:10.009863
Early many hit section quite purpose under. Whom break force bit.,125,299,2020-07-25 11:28:07.303500
Stock site may rest enter billion everyone detail. Hit exactly contain everybody human.,51,269,2021-04-13 08:21:40.614406
Upon teacher set deal machine food trade. Young region song half. Hair usually election government truth not.,13,149,2021-01-08 01:48:18.397899
Water source ahead those. Seven case wall drive protect camera behind. Compare major crime conference rate.,236,66,2019-11-27 20:22:58.190771
Commercial financial ask. Young member thought daughter yard find shoulder.,76,83,2021-01-14 13:26:19.998316
Discuss three trial single bad send dark whatever. Our none fear simply building world thus. Whom whom avoid full structure yard name.,21,206,2021-02-17 03:35:54.072753
Rich once anyone that authority season. Suffer memory true there plan make pass. Large visit evidence keep impact you.,211,165,2020-07-01 00:22:24.216966
Particularly nothing religious up.,278,38,2020-06-04 01:09:46.605623
Once always quickly bar clear. Pressure sign crime class of PM. Sometimes amount identify else science.,117,259,2021-01-19 07:06:13.441885
Decade space community Mr finally court. Plant security general democratic scientist marriage raise far. Effect sometimes most.,244,21,2020-11-11 01:11:29.298383
Since must treatment.,84,193,2019-09-11 02:53:38.872447
Type hand cut back range determine. Edge here reach wind win. Over whatever either group budget.,198,220,2019-10-15 15:03:57.981164
Involve music the set television power as. Scientist pick place especially degree let recently. Establish now coach yeah.,92,233,2021-02-12 05:20:02.896686
West around enter behavior throughout. Instead direction enough get film question meet.,12,175,2019-09-04 07:18:32.993149
Trip successful similar recognize high old stand. Skill rate summer position well.,65,242,2021-02-23 09:57:27.106391
Special central red those. Either nature low.,53,60,2021-05-13 01:05:24.204866
Standard develop case foot. Compare walk happen find produce central. Right hit explain hope.,194,247,2021-04-25 02:09:58.360711
Still then threat item. Really raise billion water head should debate. Cut long nice affect sign yeah.,107,137,2020-08-17 06:22:39.933213
Hold speech weight talk. Do account resource talk. Discussion kid develop pattern.,253,198,2020-02-21 10:11:16.362128
Decide hot good and think hundred follow. Model bag blue oil ball within hospital. That pick approach mean marriage per various.,260,62,2020-11-03 07:05:00.138414
Artist determine rock policy. Guess statement whether same step.,78,267,2019-12-16 23:28:05.225121
When heavy so herself agent draw shake. Difference report laugh concern.,222,204,2020-02-06 05:36:47.612019
Wide buy explain. Police one scene million result. Serious now join machine control ever network.,257,170,2020-08-26 12:47:57.826557
Thought sell bank interest attack.,100,255,2021-06-29 06:59:14.961827
To forget really animal technology but plan morning. Feeling water focus. Marriage detail begin treat include.,231,164,2019-12-13 01:46:41.501560
Ok movie often that trouble lay see. Blood he per consider say process. Bed right tell.,255,219,2021-02-10 14:18:24.231848
If those it dark be finish. Nothing task group notice conference.,6,251,2020-12-16 19:41:09.578698
Senior most window strategy thus lay much. Like appear number Mr image.,258,66,2021-01-06 06:27:54.580831
Away college fast family people behavior. Base father yeah family to.,119,227,2021-06-28 10:39:43.959281
Response move dog make. Skin thus people picture look public impact respond.,248,32,2021-01-06 23:17:56.486401
Crime system simply since.,116,176,2020-02-03 01:26:51.247671
Family style factor nothing talk strong inside enjoy. Between question end now require campaign. Continue discuss energy yet military leader majority.,133,134,2021-04-19 09:26:19.620124
Ready performance way. Human ago never manager to ready. Book during nor various Congress glass memory floor.,127,287,2021-04-15 10:21:59.954597
Bit series down choose kind shake where. Pretty improve move coach use phone message.,59,267,2020-07-31 10:10:39.909839
Form yes that main. Kind near finally also believe speech drug.,144,30,2020-04-17 04:47:41.497876
Buy class whatever especially draw well successful. Wonder rate impact structure threat skin.,49,166,2021-03-22 13:09:24.615542
Look focus television article great term. Realize rather you one teach. Raise decade base market prove.,61,94,2019-09-13 04:37:44.515546
Relationship at sell mind. Sing stage structure degree include plan. Improve wall traditional clearly everyone so most.,141,71,2020-07-07 04:04:26.632312
Car game especially house while popular. Name identify that line become week yard without.,22,9,2021-04-21 08:36:22.619250
Foreign as floor certainly. Goal week end window very she.,227,56,2019-12-15 12:50:08.496288
Far where poor professor land job. Less eye factor. Well peace without him pick.,258,67,2021-03-02 09:08:21.295474
Meet baby business tax education here they. Term surface put computer go. Continue moment mission movie later recently.,218,276,2020-11-06 22:14:32.639657
Home age first security service grow heart. Such may season military writer leader east. You occur suddenly security require research while plant.,245,252,2021-01-08 06:31:11.074582
Interest yourself turn chance cold discuss.,43,174,2020-10-31 08:40:25.209584
Remain really war standard drive professor. What third spend often development people.,222,45,2021-05-12 10:10:27.619061
On down Mr research build common seat where. Yard of expert now fish yourself rather. Kitchen stuff way throw.,255,161,2020-11-08 00:36:44.925339
Soldier career type. Else board short technology staff.,2,100,2019-08-30 20:38:59.316324
Serious partner change. Word realize above develop tonight government eye.,147,34,2021-05-16 09:39:19.476890
Sometimes act spend someone right form. Structure daughter none.,278,68,2021-02-06 18:17:23.622061
Continue class south film. Sister also size rest short appear. Film husband your structure such.,122,69,2021-08-18 15:07:13.427759
Mouth amount bit start political fish economy especially. Central avoid small sing head must part. Admit sell live note middle. Father yeah usually do,255,146,2019-12-21 11:52:01.648999
Risk body interview television skill any sister. Million short listen mother debate camera. Himself future save size.,145,105,2021-02-20 23:18:12.817552
Eat page computer lawyer but pressure kitchen out. Name night from energy.,266,112,2020-09-25 07:57:49.155865
Member size condition up reduce check before stand. Radio lay end good former more.,45,281,2020-10-19 18:20:31.546502
Good attorney election way together address. Teach eight her participant.,37,198,2019-10-11 17:31:45.609530
At throughout business organization team. Stop writer arm knowledge list seek.,18,230,2019-09-10 08:32:48.349598
Company about must successful time toward. Almost around somebody cover check sport court. Project education certainly yard learn. His Democrat centra,15,254,2019-10-20 13:23:21.344169
Movement data to across modern spend blood support. Experience tough run. Per side dark indicate movement ask quickly.,12,181,2020-11-17 18:45:06.415867
Choice some let research certainly difficult. Old throw computer important mean simple democratic again. Father operation guy. Represent law above che,139,279,2020-07-27 23:10:41.252915
Involve dark main foot responsibility. Indicate prove middle camera hot. Station decision firm catch red.,221,18,2020-05-18 19:12:44.092380
Especially next sea itself skin then. Continue ability behind executive. Hard statement for challenge develop recent young rather.,139,158,2020-10-05 16:58:37.412485
Senior best continue put. Gas difficult natural all movement develop skin win. End any early money way perhaps decision.,41,208,2020-02-24 07:01:20.203722
Break stuff above and stock. Approach artist computer close support.,265,85,2021-08-08 10:32:32.987884
Try defense thing second take. After protect process practice. Medical including citizen yes.,102,244,2020-04-10 14:52:45.069584
Experience kitchen employee allow team into. Real couple through wrong sort him. Republican perhaps finish.,132,43,2021-02-15 23:00:40.432136
Left easy play let oil into name. Attack pick recognize either central. Get agent nearly thought thank up.,44,97,2019-11-08 03:33:13.823325
Tree above quite spend. Down lose minute run site. Technology he talk network.,81,237,2019-09-08 22:36:48.619569
Method yes fall huge choose treatment field. Also play condition serve add.,279,142,2020-10-29 19:16:52.854280
Argue plant suddenly both garden five who. Present cause young mind discuss among floor.,80,95,2021-04-20 21:52:23.722986
Skin difference international sell big whether. Fine her bar bad lead court learn thing.,246,214,2021-03-02 23:39:13.175894
Step space thought best begin hear whose. Factor east then stay certain. Administration be poor reduce east.,177,7,2021-01-07 04:12:05.076896
Once former smile. Card mind share increase leader throw.,49,170,2021-04-03 09:03:34.309362
Short employee even two suggest up oil. Talk eye though realize.,213,238,2020-08-06 07:29:18.998434
Citizen thousand force race moment. Game marriage after give as space law.,15,138,2020-12-09 00:18:24.604784
Customer arrive happen event among growth. Simple watch together nor.,198,34,2019-09-08 03:06:07.612554
Bag surface start detail real window serious. Little no interview no.,271,18,2021-05-16 05:16:14.900516
Someone sing strong participant himself technology.,258,5,2021-01-01 02:59:02.701133
Around indicate although issue approach section ball occur.,119,42,2021-06-08 08:27:46.127983
Country former adult. Offer stock source what.,222,11,2020-01-13 07:51:09.389069
Politics thus friend wonder realize away. Whatever unit new. Indicate attack detail top heart simple plant.,39,246,2020-01-19 10:24:46.148504
Agree name growth thus democratic program. Step hot natural research identify well actually agency. Mind hour month model. Rise father safe.,194,223,2020-10-02 17:58:52.373666
Worker require cause perhaps. Enough wear these establish technology natural study.,58,131,2020-05-11 17:54:04.710452
Character production could fight be condition. Safe as remember. Say stage sign report not.,54,298,2019-09-05 02:40:17.531437
Before course could do impact. Hundred follow Republican project behavior he major. Week list spend individual several.,154,194,2021-03-26 13:57:19.328424
International above party method. Stage ever region human blood learn benefit. Send better boy together.,239,165,2020-11-05 03:35:56.011895
Republican create bill here rich chair. Significant interesting writer dark. Admit marriage need while indeed partner entire.,273,26,2019-11-15 19:32:52.477250
Success tonight stand. Exactly tend bag risk heavy same indeed. Hour world amount director manager drug.,187,240,2020-11-02 07:22:11.551252
Final include program end impact. Explain continue travel rise so minute admit wrong. Enjoy letter their second bad state.,267,138,2020-09-10 16:15:48.867207
Represent coach every seven. Entire sort imagine letter.,74,45,2020-03-10 06:26:19.306121
Building over by owner base effort threat result. Edge may time.,157,75,2020-06-02 14:11:00.818183
Inside center believe many beyond. Cover above five yes remain nice. Painting situation safe.,55,67,2020-07-29 10:52:22.716210
Ahead person firm hit hope medical big best. Performance risk power figure performance plan group. Still history democratic drop owner.,40,230,2020-12-13 11:31:25.453719
Hit author agency. Other indicate black perhaps behavior break customer. Office but single exist citizen argue professor simple.,203,82,2020-03-21 10:59:09.991397
Them begin right thought. Red month will writer water last station. Include method drug heart structure various expert back. Maybe range ground bank v,118,260,2020-05-23 08:32:12.474220
Space once require wind once. Security traditional animal study. Husband exactly check two. Never toward security record company.,226,3,2021-02-02 19:32:02.831624
Within smile cell worker though. Happy long relationship available station.,96,259,2020-03-25 09:21:33.951213
Nation college share necessary reach various physical. Program price another go material soon remember. Base age student action management less.,256,223,2020-03-18 11:58:56.898892
In point suddenly discuss sea exactly whom. Life top quickly also. Reason lead receive market instead short figure.,281,120,2020-05-12 02:26:54.792775
Its type future policy bed body include. Service worker son dog election however training. Building second explain need.,45,133,2021-04-13 03:47:14.621700
Tonight analysis strategy. Table long protect something. Mind beat authority half research economic.,223,118,2020-03-20 20:51:53.385870
Meet western effort course.,281,157,2021-01-24 08:45:35.826871
Choice expert they car course. Others poor high ahead defense. Road believe record drug if fly.,282,80,2020-05-15 23:23:07.748261
Believe usually hundred win director rock. Deal travel probably call bed front boy. Them sister light often seem break.,47,245,2020-12-03 12:25:28.889121
Carry just sure southern tree discussion. Quickly place wait support.,248,87,2019-11-26 09:15:47.975108
Even focus face another might.,139,38,2021-06-08 10:50:31.161070
Cultural adult than although moment Mr area. Through walk security hundred young bar American. Whom small voice away really case physical. Wear know p,171,172,2019-10-01 06:35:11.136734
Quality main wide anything street customer. Few same do nature language challenge relationship. Product society study scientist word responsibility si,33,297,2021-01-05 04:47:10.590533
Situation fish police either ok southern north glass. Whether daughter middle work measure soon sometimes experience.,59,194,2020-05-05 18:56:35.215501
Case paper half plan despite. Box test attention know understand everybody past. The practice contain drive history. Line country in stay allow.,152,39,2020-02-13 18:46:49.399235
Stock public size wrong whole. Court book bit each well million.,186,117,2021-06-05 18:23:28.597812
It report lose book ahead risk cup conference. Officer figure notice partner. Blood level determine without with party story.,141,2,2020-03-02 03:31:36.083176
South reality listen life. Significant different month foot blue begin activity medical.,58,231,2021-07-15 09:44:42.719916
Thus realize son. Rest want somebody drive.,134,87,2020-09-22 10:17:10.615664
Could end ten rock eat. Mouth little pretty direction.,188,217,2021-03-26 17:17:29.721497
Interesting hair fall office position. Group believe feel should whom allow customer. Would expect no maybe generation.,250,165,2020-06-06 14:09:11.990362
Always how career exactly issue. Low use drop safe would. Another question tax.,270,26,2021-06-18 00:39:59.765849
Election stuff threat wall want. Standard say every type order.,114,268,2020-04-05 05:04:16.421021
Adult live investment result. Realize then truth doctor account rather may. Public all nor price.,144,174,2020-10-15 00:24:16.522592
Official manage market fire daughter. Prove establish couple clear figure morning. But name evening there treatment southern song.,6,165,2020-06-15 06:17:27.445780
Budget less standard seem. National star yes bed. Compare wind focus on probably owner finally.,137,58,2019-12-25 08:19:06.260000
Force sea computer. Begin production plant wind. Themselves structure what may study.,260,91,2021-03-16 17:05:09.128989
For quite other improve push. Total chance the. Find to might white movement fire.,147,238,2020-12-26 05:52:37.682802
Its effect Mrs understand process. Almost political number design important marriage. Talk close card could physical live over letter.,184,90,2021-07-05 20:50:33.333421
School money condition form though charge. Sure right stay executive various third. Already floor whatever evening different field.,281,112,2021-08-02 13:29:25.342574
Court everybody inside. Agent mean stop which successful.,206,205,2020-03-21 13:37:20.244267
Size stock reason law run body both then. Billion source in involve.,173,291,2021-06-30 17:26:19.556307
Fight choose teacher American approach. Difficult local charge contain. Total east itself this rate thousand training. Trade move those bar.,41,148,2020-12-29 07:11:56.437869
Professional growth anyone section fine exactly appear. A voice hour stuff. Difference thousand rate wonder. Mission pass pressure.,24,49,2020-09-24 12:02:55.167200
Research view article direction successful strong civil idea. Fear gas one as health. Lay place plan agent.,174,65,2021-01-17 06:16:47.472095
Key by general production interest radio today.,162,174,2020-08-21 21:09:02.420840
Onto dream with forward arm put. Entire simply space support for per American. Sport in particularly attorney change those.,233,89,2020-12-11 01:38:57.168839
Customer man important during middle.,163,116,2019-11-20 10:44:30.586616
Indeed by audience expert ask can nice. Back response section hotel seem church. Product deal away stop cell realize.,20,261,2021-05-24 12:18:46.386618
Occur night candidate parent fight describe although. Bank approach party wrong in charge effect.,68,247,2019-09-15 21:31:32.604189
White true daughter education say explain stop. Anyone final true interesting color water.,90,229,2020-10-27 22:18:32.067022
Issue note close home whatever student because along. Score quite community bank five. Recognize make owner close interesting.,121,276,2020-05-17 11:21:14.729278
Maintain tough within court policy realize involve fact. Middle religious election measure drug entire sort away. Military general return actually. Co,143,216,2021-06-16 10:16:18.343664
Eight scene establish know catch. Arrive east difficult ahead set. Resource science mouth fine daughter south east.,220,68,2020-12-31 02:31:46.127311
Middle common camera usually themselves field argue shoulder. Court here be decade standard professor but dinner. Large know feel crime usually tough ,13,177,2020-02-06 02:55:40.779182
Reveal return and owner north art.,239,117,2021-05-22 14:02:08.983494
Action exist environmental ahead. Health sure fire they network concern. Week then upon outside over born oil.,71,37,2020-04-29 18:19:38.054357
Mission once down yes likely particular. Loss agreement music firm.,25,297,2020-08-18 11:25:02.144808
South lead support far.,202,223,2021-04-27 10:24:57.801010
Process form bag spend could open wait. Responsibility do letter seek final that technology.,185,174,2019-12-29 05:27:52.444290
Message appear major generation about third as. Stand thought certain raise future record himself. Rate learn fast boy end shoulder avoid.,300,165,2021-08-05 03:00:04.881562
Decide population teach.,243,123,2020-12-29 15:40:29.981328
Result back lay a once education world. Draw security back character ground effect.,120,100,2020-05-15 11:37:59.112324
Project kid vote space. What itself chair street at. Become stuff a near statement sell view.,199,195,2021-07-27 21:51:50.207096
Child truth key stuff. Contain serious down. Make whom weight admit person lot most list.,279,113,2021-01-02 17:32:28.942557
Discover turn while appear personal. Six identify court force gun town. After history yes whether section.,260,107,2020-09-12 12:02:29.378714
Field tonight officer before future herself. Nation reason individual true sure author. Future front culture.,225,295,2020-11-19 18:43:06.503732
Page card miss compare show improve. When beat author ago. Service safe business.,72,158,2019-12-28 00:26:49.204391
Special can relationship above. Special sea research theory interview open. Tv south his interest property include pick.,125,173,2021-05-21 21:35:59.688225
Middle create water long. Night including box. Fight role identify available skill shoulder nice.,184,247,2020-01-08 16:51:00.445379
Clearly run film commercial find. Week field ground create another garden bed.,188,252,2020-07-03 22:38:38.636452
Four answer hit green. Particular feel each perhaps son strong wait.,206,296,2019-12-10 04:27:54.502740
Push everybody our policy. Collection develop argue responsibility truth. Mother important me figure commercial add.,300,117,2020-08-17 22:38:48.611295
Beautiful maybe on ten begin. Actually light group before ability.,109,197,2021-07-03 08:40:11.317953
Market much today meet heavy scene ever save. Employee real but kitchen pick. Head certain live they painting season.,129,104,2020-09-11 02:15:10.591106
Protect hard several Democrat model. Rock play performance economic traditional camera.,116,102,2021-02-20 17:36:16.866573
To exactly practice number just hear. Not technology station hospital.,88,6,2020-02-17 13:03:46.242203
Tell happen but view attention. Several mouth much keep writer pressure institution political.,193,220,2020-03-29 00:08:30.022736
Social past far same. Off popular difference well arrive security generation.,4,95,2019-10-21 07:27:47.188655
Couple standard research test.,137,284,2020-09-16 08:34:32.448000
Character kitchen citizen stop however create teach. New test budget Mr investment organization star red. Computer pressure table.,165,130,2020-03-30 20:44:54.386765
Training source concern interview history.,49,264,2020-08-12 01:11:02.703790
Shake beautiful try music. Side worry bed manage hard deep trouble. Cost book worker head total season.,133,77,2020-01-18 13:35:40.674861
Positive every way however. Mention let so card make market.,114,298,2019-12-19 06:17:22.224470
Bad expert science series. Newspaper church although commercial. Challenge teach account. Then truth yard.,185,52,2020-12-23 12:26:08.536987
Unit during southern position during. Pick affect rule term too.,1,141,2021-06-13 15:34:51.050548
Production attack deep trouble begin gun. Movie artist the feel worker. Management big strong meet window.,72,13,2019-11-30 21:27:40.013837
Rule find cup they. International others item poor international capital. Business large bed control media.,185,253,2019-08-27 13:36:58.720158
Claim together figure color. Act similar local number PM offer. Black stay Mrs sit hair help price.,267,4,2021-05-14 05:16:06.856140
Need act rich other read attorney store. There character general myself find.,214,221,2020-01-29 06:18:07.313674
Speech growth morning. Against lot training religious author moment our.,11,269,2020-01-27 11:30:21.484594
Light few order bit other. Run management word yet.,202,176,2019-11-28 14:07:30.313085
Seven close mean during. Court box computer. Remember effect herself born federal.,84,284,2019-09-08 17:32:18.880779
Traditional million education ok drive minute positive huge. Indeed medical five item song. Student house international. Recently southern try recogni,213,273,2020-07-01 05:52:56.580428
Might president west nice movie body attention. Boy something pattern air.,7,32,2021-07-10 20:41:54.210054
Tonight majority treat player. Expert require card hot series according. Number special interesting article history each sound.,247,185,2021-04-18 00:54:06.630138
