email,username,password,phone,first_name,last_name
igolden@carpenter.biz,dunndonald,$2b$12$Q1PUFjhN/AWRQ21LbGYvjeLpZZB6lfZ1BPwifHALGO6oIbyC3CmJe,422.915.8440x5830,Jasmine,Davis
ismith@hotmail.com,emily91,$2b$12$Q1PUFjhN/AWRQ21LbGYvjeLpZZB6lfZ1BPwifHALGO6oIbyC3CmJe,3983772361,Karen,Weber
perkinsandrew@walker.com,jdavis,$2b$12$Q1PUFjhN/AWRQ21LbGYvjeLpZZB6lfZ1BPwifHALGO6oIbyC3CmJe,998.407.8657,Deborah,Fitzgerald
lwalton@gray.net,andrewtaylor,$2b$12$Q1PUFjhN/AWRQ21LbGYvjeLpZZB6lfZ1BPwifHALGO6oIbyC3CmJe,1254664638,Jeremy,Hicks
hobbsmichael@yahoo.com,robert07,$2b$12$Q1PUFjhN/AWRQ21LbGYvjeLpZZB6lfZ1BPwifHALGO6oIbyC3CmJe,(111)867-0675,Jesus,Vaughn
anthony50@hotmail.com,lgibson,$2b$12$Q1PUFjhN/AWRQ21LbGYvjeLpZZB6lfZ1BPwifHALGO6oIbyC3CmJe,1284974249,Diana,Swanson
wesleymorgan@hotmail.com,saragarner,$2b$12$Q1PUFjhN/AWRQ21LbGYvjeLpZZB6lfZ1BPwifHALGO6oIbyC3CmJe,892.489.4779x2092,Sherri,Gregory
russell21@hoover.com,heather06,$2b$12$Q1PUFjhN/AWRQ21LbGYvjeLpZZB6lfZ1BPwifHALGO6oIbyC3CmJe,437.559.3869,Brittany,Pineda
denise53@yahoo.com,qbrown,$2b$12$Q1PUFjhN/AWRQ21LbGYvjeLpZZB6lfZ1BPwifHALGO6oIbyC3CmJe,001-272-150-4138,Catherine,Lyons
velazquezgeorge@hotmail.com,jessicavazquez,$2b$12$Q1PUFjhN/AWRQ21LbGYvjeLpZZB6lfZ1BPwifHALGO6oIbyC3CmJe,+1-974-903-8585x519,Bobby,Wheeler
welchcaroline@buchanan.net,sullivanmorgan,$2b$12$Q1PUFjhN/AWRQ21LbGYvjeLpZZB6lfZ1BPwifHALGO6oIbyC3CmJe,+1-620-968-2090,Christina,Torres
xjames@hotmail.com,gatescarrie,$2b$12$Q1PUFjhN/AWRQ21LbGYvjeLpZZB6lfZ1BPwifHALGO6oIbyC3CmJe,078-189-7494,Teresa,Richardson
bestjennifer@reynolds.biz,keypeggy,$2b$12$Q1PUFjhN/AWRQ21LbGYvjeLpZZB6lfZ1BPwifHALGO6oIbyC3CmJe,+1-983-847-2039x9665,Jeffery,Ford
jordanmadeline@gmail.com,jacksonchristopher,$2b$12$Q1PUFjhN/AWRQ21LbGYvjeLpZZB6lfZ1BPwifHALGO6oIbyC3CmJe,+1-933-843-2678x5526,Tiffany,Romero
katelynrobertson@dixon-stevens.com,josephjohnston,$2b$12$Q1PUFjhN/AWRQ21LbGYvjeLpZZB6lfZ1BPwifHALGO6oIbyC3CmJe,8917952281,Steven,Gonzalez
tbarnett@gmail.com,lunabarbara,$2b$12$Q1PUFjhN/AWRQ21LbGYvjeLpZZB6lfZ1BPwifHALGO6oIbyC3CmJe,+1-993-583-7901x9013,Sue,Bell
zmccarty@chambers.com,thomastimothy,$2b$12$Q1PUFjhN/AWRQ21LbGYvjeLpZZB6lfZ1BPwifHALGO6oIbyC3CmJe,(307)648-0912x9025,Kimberly,Butler
bross@hotmail.com,victorsmith,$2b$12$Q1PUFjhN/AWRQ21LbGYvjeLpZZB6lfZ1BPwifHALGO6oIbyC3CmJe,1630639737,Michelle,Randolph
mark56@walker.com,norman36,$2b$12$Q1PUFjhN/AWRQ21LbGYvjeLpZZB6lfZ1BPwifHALGO6oIbyC3CmJe,046.554.4624x981,Sheri,Taylor
adam79@gmail.com,erin92,$2b$12$Q1PUFjhN/AWRQ21LbGYvjeLpZZB6lfZ1BPwifHALGO6oIbyC3CmJe,164.285.3221x7424,Jessica,Callahan
hamptonmegan@herring.com,radams,$2b$12$Q1PUFjhN/AWRQ21LbGYvjeLpZZB6lfZ1BPwifHALGO6oIbyC3CmJe,246.953.7632x804,Pamela,Roberts
wilsonbrian@gmail.com,bishopjacob,$2b$12$Q1PUFjhN/AWRQ21LbGYvjeLpZZB6lfZ1BPwifHALGO6oIbyC3CmJe,001-747-366-0944x85621,Elizabeth,Bowen
shaneayala@yahoo.com,klee,$2b$12$Q1PUFjhN/AWRQ21LbGYvjeLpZZB6lfZ1BPwifHALGO6oIbyC3CmJe,001-861-532-6807x1023,Cynthia,Montgomery
qbutler@chapman.net,kingcheryl,$2b$12$Q1PUFjhN/AWRQ21LbGYvjeLpZZB6lfZ1BPwifHALGO6oIbyC3CmJe,+1-985-825-8722x949,Angela,Gonzalez
kevin99@watson-williams.biz,denise25,$2b$12$Q1PUFjhN/AWRQ21LbGYvjeLpZZB6lfZ1BPwifHALGO6oIbyC3CmJe,001-339-101-2170x7743,Kristine,Brown
santiagolaura@robinson-hunter.biz,walkermary,$2b$12$Q1PUFjhN/AWRQ21LbGYvjeLpZZB6lfZ1BPwifHALGO6oIbyC3CmJe,(626)783-5776x561,Katherine,Wong
amyweaver@price.com,kenneth94,$2b$12$Q1PUFjhN/AWRQ21LbGYvjeLpZZB6lfZ1BPwifHALGO6oIbyC3CmJe,+1-656-157-3314,Christine,Warner
thomas99@gmail.com,kathleen05,$2b$12$Q1PUFjhN/AWRQ21LbGYvjeLpZZB6lfZ1BPwifHALGO6oIbyC3CmJe,001-760-267-4293x54706,Brandon,Martinez
todd47@pearson.com,uschwartz,$2b$12$Q1PUFjhN/AWRQ21LbGYvjeLpZZB6lfZ1BPwifHALGO6oIbyC3CmJe,001-267-320-0327x52529,Nicholas,Baker
medinasara@parks-chapman.biz,carol29,$2b$12$Q1PUFjhN/AWRQ21LbGYvjeLpZZB6lfZ1BPwifHALGO6oIbyC3CmJe,(118)548-1501,Wesley,Knight
newmanshannon@padilla.com,misty13,$2b$12$Q1PUFjhN/AWRQ21LbGYvjeLpZZB6lfZ1BPwifHALGO6oIbyC3CmJe,726-665-9154x31780,Kevin,Harrington
nnewton@white.com,richardquinn,$2b$12$Q1PUFjhN/AWRQ21LbGYvjeLpZZB6lfZ1BPwifHALGO6oIbyC3CmJe,6653896260,Craig,Gonzalez
donovanjordan@gmail.com,jonathan81,$2b$12$Q1PUFjhN/AWRQ21LbGYvjeLpZZB6lfZ1BPwifHALGO6oIbyC3CmJe,505-301-0391x7327,David,King
abigail56@gmail.com,cindyclayton,$2b$12$Q1PUFjhN/AWRQ21LbGYvjeLpZZB6lfZ1BPwifHALGO6oIbyC3CmJe,001-052-693-0368x47922,Stephen,Morales
christophersmith@bowman.com,courtneysmith,$2b$12$Q1PUFjhN/AWRQ21LbGYvjeLpZZB6lfZ1BPwifHALGO6oIbyC3CmJe,(660)607-1053,Richard,Perez
dfisher@hotmail.com,larrywilliams,$2b$12$Q1PUFjhN/AWRQ21LbGYvjeLpZZB6lfZ1BPwifHALGO6oIbyC3CmJe,165-195-2280,Sandra,Bailey
dorispeterson@hotmail.com,juliekirk,$2b$12$Q1PUFjhN/AWRQ21LbGYvjeLpZZB6lfZ1BPwifHALGO6oIbyC3CmJe,2224653917,John,Bell
rodriguezcameron@gmail.com,edgararroyo,$2b$12$Q1PUFjhN/AWRQ21LbGYvjeLpZZB6lfZ1BPwifHALGO6oIbyC3CmJe,(581)272-0073x6452,Brooke,Black
morganhowell@gmail.com,lauracordova,$2b$12$Q1PUFjhN/AWRQ21LbGYvjeLpZZB6lfZ1BPwifHALGO6oIbyC3CmJe,016-760-3009x6117,Teresa,Conway
ooconnell@gmail.com,carol57,$2b$12$Q1PUFjhN/AWRQ21LbGYvjeLpZZB6lfZ1BPwifHALGO6oIbyC3CmJe,1045940920,Lauren,Miller
jameslee@mcmillan.org,ramosjennifer,$2b$12$Q1PUFjhN/AWRQ21LbGYvjeLpZZB6lfZ1BPwifHALGO6oIbyC3CmJe,+1-156-121-8978x348,Scott,Warren
askinner@simmons.info,ibarracameron,$2b$12$Q1PUFjhN/AWRQ21LbGYvjeLpZZB6lfZ1BPwifHALGO6oIbyC3CmJe,9723019530,Jack,Thompson
efuller@callahan-mitchell.biz,oscarjames,$2b$12$Q1PUFjhN/AWRQ21LbGYvjeLpZZB6lfZ1BPwifHALGO6oIbyC3CmJe,(581)064-8117,Bridget,Beltran
kellytimothy@yahoo.com,adam38,$2b$12$Q1PUFjhN/AWRQ21LbGYvjeLpZZB6lfZ1BPwifHALGO6oIbyC3CmJe,7794421007,Hannah,Taylor
kward@scott.net,pbarker,$2b$12$Q1PUFjhN/AWRQ21LbGYvjeLpZZB6lfZ1BPwifHALGO6oIbyC3CmJe,+1-668-610-0536,James,Cooke
douglas83@smith.com,zacharyjohnson,$2b$12$Q1PUFjhN/AWRQ21LbGYvjeLpZZB6lfZ1BPwifHALGO6oIbyC3CmJe,001-407-648-9761x2397,Howard,Olsen
peter27@keller-moore.net,mortonnatalie,$2b$12$Q1PUFjhN/AWRQ21LbGYvjeLpZZB6lfZ1BPwifHALGO6oIbyC3CmJe,072.894.0511x00112,Amanda,Jackson
nicholasdean@gmail.com,dgreen,$2b$12$Q1PUFjhN/AWRQ21LbGYvjeLpZZB6lfZ1BPwifHALGO6oIbyC3CmJe,2588702117,Michael,Parks
alexander42@gmail.com,tristanwright,$2b$12$Q1PUFjhN/AWRQ21LbGYvjeLpZZB6lfZ1BPwifHALGO6oIbyC3CmJe,249-711-7178,Aaron,Maldonado
adamsgeorge@gmail.com,timothy85,$2b$12$Q1PUFjhN/AWRQ21LbGYvjeLpZZB6lfZ1BPwifHALGO6oIbyC3CmJe,+1-498-552-5927x538,Crystal,Dennis
daniel79@weber-jackson.net,nelsonchristopher,$2b$12$Q1PUFjhN/AWRQ21LbGYvjeLpZZB6lfZ1BPwifHALGO6oIbyC3CmJe,825-043-7679x91666,Nicole,Roberts
smithjames@rivas.net,kennedymicheal,$2b$12$Q1PUFjhN/AWRQ21LbGYvjeLpZZB6lfZ1BPwifHALGO6oIbyC3CmJe,819-267-4568x315,Andrew,Mendoza
mezakenneth@hotmail.com,vsantana,$2b$12$Q1PUFjhN/AWRQ21LbGYvjeLpZZB6lfZ1BPwifHALGO6oIbyC3CmJe,(361)259-4373,Jill,Williams
richard93@hotmail.com,patrick76,$2b$12$Q1PUFjhN/AWRQ21LbGYvjeLpZZB6lfZ1BPwifHALGO6oIbyC3CmJe,001-807-5369,Eric,Allen
lwells@moreno.com,dominicgardner,$2b$12$Q1PUFjhN/AWRQ21LbGYvjeLpZZB6lfZ1BPwifHALGO6oIbyC3CmJe,001-417-881-8754x964,Maria,Spears
wdavis@reyes.com,david84,$2b$12$Q1PUFjhN/AWRQ21LbGYvjeLpZZB6lfZ1BPwifHALGO6oIbyC3CmJe,001-755-863-4006x602,Amy,Miller
phillipsrachel@hotmail.com,rpierce,$2b$12$Q1PUFjhN/AWRQ21LbGYvjeLpZZB6lfZ1BPwifHALGO6oIbyC3CmJe,053.282.0394x329,Jennifer,Lawrence
tonypierce@yahoo.com,morenoelizabeth,$2b$12$Q1PUFjhN/AWRQ21LbGYvjeLpZZB6lfZ1BPwifHALGO6oIbyC3CmJe,074-472-4771x0028,Morgan,Gordon
brooke63@yahoo.com,jeremy12,$2b$12$Q1PUFjhN/AWRQ21LbGYvjeLpZZB6lfZ1BPwifHALGO6oIbyC3CmJe,346-916-9778,Cheryl,Johnson
cwhite@barrett-chung.com,alexander58,$2b$12$Q1PUFjhN/AWRQ21LbGYvjeLpZZB6lfZ1BPwifHALGO6oIbyC3CmJe,(899)115-7670x25517,Sarah,Brown
elizabeth80@gmail.com,alexis17,$2b$12$Q1PUFjhN/AWRQ21LbGYvjeLpZZB6lfZ1BPwifHALGO6oIbyC3CmJe,421-116-5321,Joseph,Banks
ulong@gmail.com,wendy11,$2b$12$Q1PUFjhN/AWRQ21LbGYvjeLpZZB6lfZ1BPwifHALGO6oIbyC3CmJe,(820)198-1006,Cindy,Edwards
kgray@hotmail.com,austindavenport,$2b$12$Q1PUFjhN/AWRQ21LbGYvjeLpZZB6lfZ1BPwifHALGO6oIbyC3CmJe,620.238.9778,Bobby,Martin
robertnichols@yahoo.com,robertcarrillo,$2b$12$Q1PUFjhN/AWRQ21LbGYvjeLpZZB6lfZ1BPwifHALGO6oIbyC3CmJe,361-409-7493x0982,Courtney,Torres
dthomas@griffin.com,owilson,$2b$12$Q1PUFjhN/AWRQ21LbGYvjeLpZZB6lfZ1BPwifHALGO6oIbyC3CmJe,265-578-4720x8749,John,Beck
xcamacho@barrett.com,william23,$2b$12$Q1PUFjhN/AWRQ21LbGYvjeLpZZB6lfZ1BPwifHALGO6oIbyC3CmJe,(960)134-3555x0678,Laura,Manning
turnergregory@gmail.com,fgriffith,$2b$12$Q1PUFjhN/AWRQ21LbGYvjeLpZZB6lfZ1BPwifHALGO6oIbyC3CmJe,763-609-7690,Barbara,Alvarez
gcraig@hotmail.com,tyoung,$2b$12$Q1PUFjhN/AWRQ21LbGYvjeLpZZB6lfZ1BPwifHALGO6oIbyC3CmJe,+1-280-668-6909x20584,Joel,Clarke
jamescooper@guzman-miller.org,zsteele,$2b$12$Q1PUFjhN/AWRQ21LbGYvjeLpZZB6lfZ1BPwifHALGO6oIbyC3CmJe,0470622683,Erin,Bennett
andrew19@yahoo.com,tgrimes,$2b$12$Q1PUFjhN/AWRQ21LbGYvjeLpZZB6lfZ1BPwifHALGO6oIbyC3CmJe,+1-368-698-7622,Daniel,Berry
kimfreeman@gmail.com,blakechad,$2b$12$Q1PUFjhN/AWRQ21LbGYvjeLpZZB6lfZ1BPwifHALGO6oIbyC3CmJe,547-479-1139x54901,Deanna,Jones
cynthiabarnett@gmail.com,victormcmillan,$2b$12$Q1PUFjhN/AWRQ21LbGYvjeLpZZB6lfZ1BPwifHALGO6oIbyC3CmJe,603-663-8426,John,James
steelehannah@harris-brock.info,davisdoris,$2b$12$Q1PUFjhN/AWRQ21LbGYvjeLpZZB6lfZ1BPwifHALGO6oIbyC3CmJe,423.961.9853x633,Natasha,Morgan
ybrady@swanson.com,thomaslarson,$2b$12$Q1PUFjhN/AWRQ21LbGYvjeLpZZB6lfZ1BPwifHALGO6oIbyC3CmJe,(986)042-4454x643,Michelle,Weaver
joseph80@gmail.com,andreafarrell,$2b$12$Q1PUFjhN/AWRQ21LbGYvjeLpZZB6lfZ1BPwifHALGO6oIbyC3CmJe,001-584-590-1356x77864,Monica,Hall
dcollins@taylor.net,kellysullivan,$2b$12$Q1PUFjhN/AWRQ21LbGYvjeLpZZB6lfZ1BPwifHALGO6oIbyC3CmJe,(174)815-1843x8575,Tina,Wilson
phunter@hotmail.com,xjordan,$2b$12$Q1PUFjhN/AWRQ21LbGYvjeLpZZB6lfZ1BPwifHALGO6oIbyC3CmJe,861.888.1630x92884,Allen,Herman
hlarson@payne.info,diana69,$2b$12$Q1PUFjhN/AWRQ21LbGYvjeLpZZB6lfZ1BPwifHALGO6oIbyC3CmJe,4004251735,Caroline,Brown
sextonjoseph@rivera-serrano.net,lgoodman,$2b$12$Q1PUFjhN/AWRQ21LbGYvjeLpZZB6lfZ1BPwifHALGO6oIbyC3CmJe,+1-308-741-6067x696,Lisa,Barnes
hayleyfowler@hotmail.com,edward58,$2b$12$Q1PUFjhN/AWRQ21LbGYvjeLpZZB6lfZ1BPwifHALGO6oIbyC3CmJe,556.459.5540,Lindsay,Stokes
gregorysamantha@yahoo.com,ruiztravis,$2b$12$Q1PUFjhN/AWRQ21LbGYvjeLpZZB6lfZ1BPwifHALGO6oIbyC3CmJe,001-687-896-6463,Christopher,Burke
jeffrey38@hotmail.com,russellmark,$2b$12$Q1PUFjhN/AWRQ21LbGYvjeLpZZB6lfZ1BPwifHALGO6oIbyC3CmJe,994.541.8550,Bryan,Davis
collinsscott@yahoo.com,melanieflores,$2b$12$Q1PUFjhN/AWRQ21LbGYvjeLpZZB6lfZ1BPwifHALGO6oIbyC3CmJe,(196)775-6000x330,Joel,Wyatt
shaffercheryl@coleman-martinez.info,hillshawn,$2b$12$Q1PUFjhN/AWRQ21LbGYvjeLpZZB6lfZ1BPwifHALGO6oIbyC3CmJe,(042)592-6529,Pam,Burton
balldavid@yahoo.com,chadgarrison,$2b$12$Q1PUFjhN/AWRQ21LbGYvjeLpZZB6lfZ1BPwifHALGO6oIbyC3CmJe,+1-639-753-2206x744,Ashley,Taylor
dmorales@hotmail.com,bharris,$2b$12$Q1PUFjhN/AWRQ21LbGYvjeLpZZB6lfZ1BPwifHALGO6oIbyC3CmJe,791-956-6225,Nicole,Roman
kevin29@dalton.com,singletoncody,$2b$12$Q1PUFjhN/AWRQ21LbGYvjeLpZZB6lfZ1BPwifHALGO6oIbyC3CmJe,127-622-5130x33824,Vanessa,Hull
schmidtdiana@hotmail.com,mercedesgomez,$2b$12$Q1PUFjhN/AWRQ21LbGYvjeLpZZB6lfZ1BPwifHALGO6oIbyC3CmJe,+1-116-864-6396x46466,Jason,Cox
lynn12@gmail.com,smithlee,$2b$12$Q1PUFjhN/AWRQ21LbGYvjeLpZZB6lfZ1BPwifHALGO6oIbyC3CmJe,001-670-459-8507,Janice,Smith
bettygarcia@wise.com,charlesmyers,$2b$12$Q1PUFjhN/AWRQ21LbGYvjeLpZZB6lfZ1BPwifHALGO6oIbyC3CmJe,+1-581-401-5711x822,Timothy,Weber
eileenschneider@smith.com,edward81,$2b$12$Q1PUFjhN/AWRQ21LbGYvjeLpZZB6lfZ1BPwifHALGO6oIbyC3CmJe,(888)053-2188x04026,Christopher,Wilson
yolandamiller@hotmail.com,markpugh,$2b$12$Q1PUFjhN/AWRQ21LbGYvjeLpZZB6lfZ1BPwifHALGO6oIbyC3CmJe,(108)594-7289x69756,Melissa,Stevens
allenandrew@gmail.com,robyn41,$2b$12$Q1PUFjhN/AWRQ21LbGYvjeLpZZB6lfZ1BPwifHALGO6oIbyC3CmJe,447.631.4846x22730,John,Carson
loritorres@yahoo.com,larsonmichelle,$2b$12$Q1PUFjhN/AWRQ21LbGYvjeLpZZB6lfZ1BPwifHALGO6oIbyC3CmJe,016.967.5885,Jonathan,Jones
jimmy01@harris.com,thomas59,$2b$12$Q1PUFjhN/AWRQ21LbGYvjeLpZZB6lfZ1BPwifHALGO6oIbyC3CmJe,(065)746-0544x1877,Frank,Goodman
wsmith@gmail.com,toddkatherine,$2b$12$Q1PUFjhN/AWRQ21LbGYvjeLpZZB6lfZ1BPwifHALGO6oIbyC3CmJe,416-564-3810x1974,Dawn,Flores
anthonywilson@hotmail.com,ryan46,$2b$12$Q1PUFjhN/AWRQ21LbGYvjeLpZZB6lfZ1BPwifHALGO6oIbyC3CmJe,369-032-2061x1286,Cheyenne,Smith
ldurham@hotmail.com,gardneralbert,$2b$12$Q1PUFjhN/AWRQ21LbGYvjeLpZZB6lfZ1BPwifHALGO6oIbyC3CmJe,+1-343-063-8104x493,Rachel,Thomas
andersontommy@ellis.org,dbaker,$2b$12$Q1PUFjhN/AWRQ21LbGYvjeLpZZB6lfZ1BPwifHALGO6oIbyC3CmJe,889.746.9383,John,Nichols
allenerin@hotmail.com,vaughnchristopher,$2b$12$Q1PUFjhN/AWRQ21LbGYvjeLpZZB6lfZ1BPwifHALGO6oIbyC3CmJe,(795)782-8040,Katherine,Long
isullivan@gmail.com,jensenmichael,$2b$12$Q1PUFjhN/AWRQ21LbGYvjeLpZZB6lfZ1BPwifHALGO6oIbyC3CmJe,786-650-7398,Matthew,Davis
williamstravis@gmail.com,oconnoraustin,$2b$12$Q1PUFjhN/AWRQ21LbGYvjeLpZZB6lfZ1BPwifHALGO6oIbyC3CmJe,001-996-395-0294x131,Dustin,Ramirez
enewman@martin.biz,reynoldslisa,$2b$12$Q1PUFjhN/AWRQ21LbGYvjeLpZZB6lfZ1BPwifHALGO6oIbyC3CmJe,(920)571-9010x9843,Crystal,Schultz
kristen28@woodard.com,rebecca03,$2b$12$Q1PUFjhN/AWRQ21LbGYvjeLpZZB6lfZ1BPwifHALGO6oIbyC3CmJe,(667)246-5185x3027,Lauren,Jones
paula56@lutz.net,scrawford,$2b$12$Q1PUFjhN/AWRQ21LbGYvjeLpZZB6lfZ1BPwifHALGO6oIbyC3CmJe,(179)318-2813,Michael,Gordon
dilloncurry@yahoo.com,beverlymoore,$2b$12$Q1PUFjhN/AWRQ21LbGYvjeLpZZB6lfZ1BPwifHALGO6oIbyC3CmJe,5104152537,Katherine,Jones
troy80@bowman.com,dennismoss,$2b$12$Q1PUFjhN/AWRQ21LbGYvjeLpZZB6lfZ1BPwifHALGO6oIbyC3CmJe,(926)311-8387,Jaime,Johnson
jgreer@kelley.info,taylorprice,$2b$12$Q1PUFjhN/AWRQ21LbGYvjeLpZZB6lfZ1BPwifHALGO6oIbyC3CmJe,1791295733,Kevin,Le
melissa19@pineda.com,eric37,$2b$12$Q1PUFjhN/AWRQ21LbGYvjeLpZZB6lfZ1BPwifHALGO6oIbyC3CmJe,001-370-455-9399,Joshua,Watson
brandi58@wade.com,davidnorman,$2b$12$Q1PUFjhN/AWRQ21LbGYvjeLpZZB6lfZ1BPwifHALGO6oIbyC3CmJe,392.318.0166x68579,Steven,Jackson
williamswilliam@hotmail.com,brian84,$2b$12$Q1PUFjhN/AWRQ21LbGYvjeLpZZB6lfZ1BPwifHALGO6oIbyC3CmJe,(396)298-8474x00373,Susan,Cole
edward07@lester.info,vward,$2b$12$Q1PUFjhN/AWRQ21LbGYvjeLpZZB6lfZ1BPwifHALGO6oIbyC3CmJe,+1-830-129-8289x51267,Jason,Webb
dylan51@yahoo.com,ronaldkeller,$2b$12$Q1PUFjhN/AWRQ21LbGYvjeLpZZB6lfZ1BPwifHALGO6oIbyC3CmJe,001-603-469-2934x4380,Christina,Richards
harmontammy@yahoo.com,cwebb,$2b$12$Q1PUFjhN/AWRQ21LbGYvjeLpZZB6lfZ1BPwifHALGO6oIbyC3CmJe,2626702000,Daniel,Schmidt
pachecobrittany@hotmail.com,cassandra47,$2b$12$Q1PUFjhN/AWRQ21LbGYvjeLpZZB6lfZ1BPwifHALGO6oIbyC3CmJe,8762585067,Brooke,Morgan
heidismith@hotmail.com,krystalfisher,$2b$12$Q1PUFjhN/AWRQ21LbGYvjeLpZZB6lfZ1BPwifHALGO6oIbyC3CmJe,022.238.3267x24710,Nicholas,Ray
williamsonnatasha@leonard.com,gary35,$2b$12$Q1PUFjhN/AWRQ21LbGYvjeLpZZB6lfZ1BPwifHALGO6oIbyC3CmJe,202-722-0874x73012,Stanley,Carroll
cameron98@mccall.info,martinleslie,$2b$12$Q1PUFjhN/AWRQ21LbGYvjeLpZZB6lfZ1BPwifHALGO6oIbyC3CmJe,+1-849-253-8164,Robert,Cole
leon44@sanchez.biz,kcherry,$2b$12$Q1PUFjhN/AWRQ21LbGYvjeLpZZB6lfZ1BPwifHALGO6oIbyC3CmJe,851.742.1533,Tiffany,Collins
ashleybutler@hotmail.com,savagejessica,$2b$12$Q1PUFjhN/AWRQ21LbGYvjeLpZZB6lfZ1BPwifHALGO6oIbyC3CmJe,4182294418,Maria,Reese
calvinduncan@dillon.info,leah09,$2b$12$Q1PUFjhN/AWRQ21LbGYvjeLpZZB6lfZ1BPwifHALGO6oIbyC3CmJe,288.411.6870x8357,Matthew,Jimenez
alexander48@french.com,ljones,$2b$12$Q1PUFjhN/AWRQ21LbGYvjeLpZZB6lfZ1BPwifHALGO6oIbyC3CmJe,928.867.3188,Jody,Perry
wweber@garcia.com,larry15,$2b$12$Q1PUFjhN/AWRQ21LbGYvjeLpZZB6lfZ1BPwifHALGO6oIbyC3CmJe,4314893500,Kimberly,Stewart
jreyes@hotmail.com,brad53,$2b$12$Q1PUFjhN/AWRQ21LbGYvjeLpZZB6lfZ1BPwifHALGO6oIbyC3CmJe,029-340-5452x7309,Andrew,Buckley
pamelajensen@gmail.com,davistara,$2b$12$Q1PUFjhN/AWRQ21LbGYvjeLpZZB6lfZ1BPwifHALGO6oIbyC3CmJe,001-556-164-1146x48952,Amanda,Leon
kristinbrown@gmail.com,xreynolds,$2b$12$Q1PUFjhN/AWRQ21LbGYvjeLpZZB6lfZ1BPwifHALGO6oIbyC3CmJe,(903)218-5792,Victor,Jones
matthewwright@hotmail.com,rmartinez,$2b$12$Q1PUFjhN/AWRQ21LbGYvjeLpZZB6lfZ1BPwifHALGO6oIbyC3CmJe,001-805-269-6306x686,Crystal,Murray
nrobinson@huynh-cunningham.com,sandradelgado,$2b$12$Q1PUFjhN/AWRQ21LbGYvjeLpZZB6lfZ1BPwifHALGO6oIbyC3CmJe,203.835.4637x3978,Dwayne,Spencer
fporter@yahoo.com,megan17,$2b$12$Q1PUFjhN/AWRQ21LbGYvjeLpZZB6lfZ1BPwifHALGO6oIbyC3CmJe,610.529.9630x8395,Steven,Soto
zporter@hotmail.com,christopherstewart,$2b$12$Q1PUFjhN/AWRQ21LbGYvjeLpZZB6lfZ1BPwifHALGO6oIbyC3CmJe,205-000-6438x02683,Jared,Johnson
lisa97@hotmail.com,ambergreene,$2b$12$Q1PUFjhN/AWRQ21LbGYvjeLpZZB6lfZ1BPwifHALGO6oIbyC3CmJe,+1-573-275-6084,Felicia,Mcfarland
fallison@dunn.com,lking,$2b$12$Q1PUFjhN/AWRQ21LbGYvjeLpZZB6lfZ1BPwifHALGO6oIbyC3CmJe,+1-359-422-4288x164,Shelly,Padilla
matthew73@gmail.com,garciadavid,$2b$12$Q1PUFjhN/AWRQ21LbGYvjeLpZZB6lfZ1BPwifHALGO6oIbyC3CmJe,+1-119-320-7259,Melissa,Riley
swhite@williams.com,christopher90,$2b$12$Q1PUFjhN/AWRQ21LbGYvjeLpZZB6lfZ1BPwifHALGO6oIbyC3CmJe,(363)710-2344,Robert,Davis
thomaswalls@wolf.com,lwalker,$2b$12$Q1PUFjhN/AWRQ21LbGYvjeLpZZB6lfZ1BPwifHALGO6oIbyC3CmJe,001-272-819-5965x09592,Patrick,Hicks
ricesamuel@williams-nelson.net,heather01,$2b$12$Q1PUFjhN/AWRQ21LbGYvjeLpZZB6lfZ1BPwifHALGO6oIbyC3CmJe,(302)995-1305,Katherine,Thomas
alvaradosara@may.com,brittneytucker,$2b$12$Q1PUFjhN/AWRQ21LbGYvjeLpZZB6lfZ1BPwifHALGO6oIbyC3CmJe,5534968038,Crystal,Jarvis
sandrawoods@hotmail.com,thubbard,$2b$12$Q1PUFjhN/AWRQ21LbGYvjeLpZZB6lfZ1BPwifHALGO6oIbyC3CmJe,781.328.7406,Brandi,White
carolyn22@yahoo.com,sandovalmark,$2b$12$Q1PUFjhN/AWRQ21LbGYvjeLpZZB6lfZ1BPwifHALGO6oIbyC3CmJe,+1-274-551-2321x106,Teresa,Kemp
estanton@gmail.com,davidstewart,$2b$12$Q1PUFjhN/AWRQ21LbGYvjeLpZZB6lfZ1BPwifHALGO6oIbyC3CmJe,609.575.6785x847,Brandy,Hansen
joseph20@gmail.com,johnsonjoseph,$2b$12$Q1PUFjhN/AWRQ21LbGYvjeLpZZB6lfZ1BPwifHALGO6oIbyC3CmJe,955-503-3506x9311,Vickie,Humphrey
svelasquez@schroeder.com,joseph93,$2b$12$Q1PUFjhN/AWRQ21LbGYvjeLpZZB6lfZ1BPwifHALGO6oIbyC3CmJe,001-774-791-5532x12734,Yvette,Olson
tiffany12@martinez.net,rebecca33,$2b$12$Q1PUFjhN/AWRQ21LbGYvjeLpZZB6lfZ1BPwifHALGO6oIbyC3CmJe,+1-436-075-6312x92178,Melvin,Cruz
peggyelliott@hotmail.com,ihicks,$2b$12$Q1PUFjhN/AWRQ21LbGYvjeLpZZB6lfZ1BPwifHALGO6oIbyC3CmJe,(973)540-0318x31088,Alejandro,Campbell
greenjennifer@hotmail.com,ginafoley,$2b$12$Q1PUFjhN/AWRQ21LbGYvjeLpZZB6lfZ1BPwifHALGO6oIbyC3CmJe,+1-879-594-4033,Brooke,Kelly
frank10@gmail.com,juliedavis,$2b$12$Q1PUFjhN/AWRQ21LbGYvjeLpZZB6lfZ1BPwifHALGO6oIbyC3CmJe,001-650-123-7690x56027,Lisa,Gutierrez
michellewilliams@yahoo.com,gmiller,$2b$12$Q1PUFjhN/AWRQ21LbGYvjeLpZZB6lfZ1BPwifHALGO6oIbyC3CmJe,935.008.2949x7868,Courtney,Anderson
christophersmith@yahoo.com,hannaanna,$2b$12$Q1PUFjhN/AWRQ21LbGYvjeLpZZB6lfZ1BPwifHALGO6oIbyC3CmJe,824-694-6516,Carlos,Brown
michael13@yahoo.com,marchess,$2b$12$Q1PUFjhN/AWRQ21LbGYvjeLpZZB6lfZ1BPwifHALGO6oIbyC3CmJe,527-981-7590,Charles,Cook
porterbrandon@hotmail.com,eileenmartinez,$2b$12$Q1PUFjhN/AWRQ21LbGYvjeLpZZB6lfZ1BPwifHALGO6oIbyC3CmJe,2183933651,Terry,Cunningham
ashleyjohnson@carr-rivera.com,sandersjanet,$2b$12$Q1PUFjhN/AWRQ21LbGYvjeLpZZB6lfZ1BPwifHALGO6oIbyC3CmJe,+1-720-562-9591x643,Matthew,Andrews
tamara77@hotmail.com,allisonkelly,$2b$12$Q1PUFjhN/AWRQ21LbGYvjeLpZZB6lfZ1BPwifHALGO6oIbyC3CmJe,814-567-3461,Christopher,Marsh
steven71@allen.biz,janice70,$2b$12$Q1PUFjhN/AWRQ21LbGYvjeLpZZB6lfZ1BPwifHALGO6oIbyC3CmJe,001-108-235-9209x141,Jody,George
dbrown@lopez.com,lisa86,$2b$12$Q1PUFjhN/AWRQ21LbGYvjeLpZZB6lfZ1BPwifHALGO6oIbyC3CmJe,(099)877-0881x155,Christy,Chung
marissapena@hill.com,kellymartin,$2b$12$Q1PUFjhN/AWRQ21LbGYvjeLpZZB6lfZ1BPwifHALGO6oIbyC3CmJe,540-938-1966,Jasmine,Miller
jimmy03@gmail.com,sarahharrison,$2b$12$Q1PUFjhN/AWRQ21LbGYvjeLpZZB6lfZ1BPwifHALGO6oIbyC3CmJe,7089314575,Patrick,Bradshaw
rhenderson@martinez.biz,kathleendennis,$2b$12$Q1PUFjhN/AWRQ21LbGYvjeLpZZB6lfZ1BPwifHALGO6oIbyC3CmJe,+1-157-294-6129,Robert,Perry
daniel90@riley-villarreal.biz,patriciahenderson,$2b$12$Q1PUFjhN/AWRQ21LbGYvjeLpZZB6lfZ1BPwifHALGO6oIbyC3CmJe,561-982-0827,Jeffrey,Lawson
martinezrhonda@oneill.info,tonya44,$2b$12$Q1PUFjhN/AWRQ21LbGYvjeLpZZB6lfZ1BPwifHALGO6oIbyC3CmJe,001-545-817-7364x19030,Christopher,Smith
marilynwright@gmail.com,justin86,$2b$12$Q1PUFjhN/AWRQ21LbGYvjeLpZZB6lfZ1BPwifHALGO6oIbyC3CmJe,+1-588-023-6015x460,Scott,Brooks
carlkelly@gilbert.com,feliciastone,$2b$12$Q1PUFjhN/AWRQ21LbGYvjeLpZZB6lfZ1BPwifHALGO6oIbyC3CmJe,471-807-6520x843,Jeffrey,Ramirez
ubarr@gmail.com,tonyball,$2b$12$Q1PUFjhN/AWRQ21LbGYvjeLpZZB6lfZ1BPwifHALGO6oIbyC3CmJe,885-451-8099x337,Karen,Hawkins
kimberly49@gmail.com,annawilliams,$2b$12$Q1PUFjhN/AWRQ21LbGYvjeLpZZB6lfZ1BPwifHALGO6oIbyC3CmJe,711.786.0273x0370,Carlos,Nguyen
brian28@yahoo.com,youngmatthew,$2b$12$Q1PUFjhN/AWRQ21LbGYvjeLpZZB6lfZ1BPwifHALGO6oIbyC3CmJe,556.887.4336,Sean,Ibarra
mercadoangel@luna-howard.com,gail26,$2b$12$Q1PUFjhN/AWRQ21LbGYvjeLpZZB6lfZ1BPwifHALGO6oIbyC3CmJe,157.461.4541x640,Matthew,Marquez
cynthia37@herring.biz,david15,$2b$12$Q1PUFjhN/AWRQ21LbGYvjeLpZZB6lfZ1BPwifHALGO6oIbyC3CmJe,588-449-6926x3856,Kathleen,Roberts
wspears@butler.biz,richardcastro,$2b$12$Q1PUFjhN/AWRQ21LbGYvjeLpZZB6lfZ1BPwifHALGO6oIbyC3CmJe,210.277.9854x2059,Summer,Brady
xerickson@yahoo.com,stevensonrebecca,$2b$12$Q1PUFjhN/AWRQ21LbGYvjeLpZZB6lfZ1BPwifHALGO6oIbyC3CmJe,(602)000-0601x180,Adrian,Hahn
xkim@yahoo.com,garciatamara,$2b$12$Q1PUFjhN/AWRQ21LbGYvjeLpZZB6lfZ1BPwifHALGO6oIbyC3CmJe,504.362.5860,Mario,Walker
qjohnson@hotmail.com,kyle99,$2b$12$Q1PUFjhN/AWRQ21LbGYvjeLpZZB6lfZ1BPwifHALGO6oIbyC3CmJe,001-108-787-5184x55736,Thomas,Hall
vdavis@allen-anderson.net,rachel22,$2b$12$Q1PUFjhN/AWRQ21LbGYvjeLpZZB6lfZ1BPwifHALGO6oIbyC3CmJe,3379490808,Kimberly,Boyd
liarthur@kim-chang.com,gordonmatthew,$2b$12$Q1PUFjhN/AWRQ21LbGYvjeLpZZB6lfZ1BPwifHALGO6oIbyC3CmJe,001-381-016-1039x8549,Andre,Diaz
david51@yahoo.com,carolyn71,$2b$12$Q1PUFjhN/AWRQ21LbGYvjeLpZZB6lfZ1BPwifHALGO6oIbyC3CmJe,+1-047-662-3522x42471,Bryan,Hernandez
lozanostacey@johnson.com,nelsonjordan,$2b$12$Q1PUFjhN/AWRQ21LbGYvjeLpZZB6lfZ1BPwifHALGO6oIbyC3CmJe,+1-136-174-4182,Ryan,Webster
amedina@collins.com,woodkevin,$2b$12$Q1PUFjhN/AWRQ21LbGYvjeLpZZB6lfZ1BPwifHALGO6oIbyC3CmJe,(549)826-3460x4993,Rodney,Simmons
richarddorsey@evans-liu.biz,melanie19,$2b$12$Q1PUFjhN/AWRQ21LbGYvjeLpZZB6lfZ1BPwifHALGO6oIbyC3CmJe,641.719.0051x60543,Scott,Edwards
marcusmccormick@hotmail.com,susan02,$2b$12$Q1PUFjhN/AWRQ21LbGYvjeLpZZB6lfZ1BPwifHALGO6oIbyC3CmJe,001-664-454-7463x566,Jeffrey,Dennis
steinmichelle@yahoo.com,charles14,$2b$12$Q1PUFjhN/AWRQ21LbGYvjeLpZZB6lfZ1BPwifHALGO6oIbyC3CmJe,060.343.7325x6343,Thomas,Roth
carpenterebony@gmail.com,michael06,$2b$12$Q1PUFjhN/AWRQ21LbGYvjeLpZZB6lfZ1BPwifHALGO6oIbyC3CmJe,914.222.5454,Jessica,Thompson
xchang@yahoo.com,deborah54,$2b$12$Q1PUFjhN/AWRQ21LbGYvjeLpZZB6lfZ1BPwifHALGO6oIbyC3CmJe,832-108-3217,Jeanette,Beck
kirsten82@armstrong.info,idavis,$2b$12$Q1PUFjhN/AWRQ21LbGYvjeLpZZB6lfZ1BPwifHALGO6oIbyC3CmJe,510-626-4515x6571,Steven,Miller
cherylpierce@yahoo.com,tsandoval,$2b$12$Q1PUFjhN/AWRQ21LbGYvjeLpZZB6lfZ1BPwifHALGO6oIbyC3CmJe,001-407-465-3069x992,Meredith,Sanchez
bdavis@shaw-white.com,james91,$2b$12$Q1PUFjhN/AWRQ21LbGYvjeLpZZB6lfZ1BPwifHALGO6oIbyC3CmJe,932-736-5506x1809,Elizabeth,Curtis
kdominguez@horne.biz,theresa39,$2b$12$Q1PUFjhN/AWRQ21LbGYvjeLpZZB6lfZ1BPwifHALGO6oIbyC3CmJe,011.044.0286,Michele,Stephenson
kadkins@mitchell.biz,katherineporter,$2b$12$Q1PUFjhN/AWRQ21LbGYvjeLpZZB6lfZ1BPwifHALGO6oIbyC3CmJe,+1-773-743-7790x115,Larry,Brown
smurphy@hotmail.com,oharris,$2b$12$Q1PUFjhN/AWRQ21LbGYvjeLpZZB6lfZ1BPwifHALGO6oIbyC3CmJe,+1-974-296-2321,Jerry,Simpson
larry52@scott-snyder.org,charlescook,$2b$12$Q1PUFjhN/AWRQ21LbGYvjeLpZZB6lfZ1BPwifHALGO6oIbyC3CmJe,218.808.4013x77994,Amanda,Davis
hallgrace@combs-smith.com,sierra32,$2b$12$Q1PUFjhN/AWRQ21LbGYvjeLpZZB6lfZ1BPwifHALGO6oIbyC3CmJe,414-886-6670,Autumn,Anderson
simmonsedward@gmail.com,nataliethomas,$2b$12$Q1PUFjhN/AWRQ21LbGYvjeLpZZB6lfZ1BPwifHALGO6oIbyC3CmJe,186-130-5835,Lisa,Howard
jacksonpatty@yahoo.com,martindavid,$2b$12$Q1PUFjhN/AWRQ21LbGYvjeLpZZB6lfZ1BPwifHALGO6oIbyC3CmJe,1156317342,Brendan,Chase
hancockmaria@grant.info,frivera,$2b$12$Q1PUFjhN/AWRQ21LbGYvjeLpZZB6lfZ1BPwifHALGO6oIbyC3CmJe,(159)722-9633x16887,James,Harris
denisegibson@marshall-freeman.com,pwilliams,$2b$12$Q1PUFjhN/AWRQ21LbGYvjeLpZZB6lfZ1BPwifHALGO6oIbyC3CmJe,693-229-7950x5693,Clayton,Clark
adamsgregory@hotmail.com,gibsonkelly,$2b$12$Q1PUFjhN/AWRQ21LbGYvjeLpZZB6lfZ1BPwifHALGO6oIbyC3CmJe,627-559-3749x281,Victor,Gomez
christensendavid@chavez-shepard.info,ericaprice,$2b$12$Q1PUFjhN/AWRQ21LbGYvjeLpZZB6lfZ1BPwifHALGO6oIbyC3CmJe,(920)907-6268,Christopher,Harris
mikerodriguez@wright.com,conleyeddie,$2b$12$Q1PUFjhN/AWRQ21LbGYvjeLpZZB6lfZ1BPwifHALGO6oIbyC3CmJe,095.242.5829,Heather,Bautista
jermainemay@ramirez.com,uarias,$2b$12$Q1PUFjhN/AWRQ21LbGYvjeLpZZB6lfZ1BPwifHALGO6oIbyC3CmJe,723-017-8165x96293,Steve,Archer
jillian69@gmail.com,wrogers,$2b$12$Q1PUFjhN/AWRQ21LbGYvjeLpZZB6lfZ1BPwifHALGO6oIbyC3CmJe,944.977.1816x71001,Kimberly,Mcdonald
andrea72@hotmail.com,karenjensen,$2b$12$Q1PUFjhN/AWRQ21LbGYvjeLpZZB6lfZ1BPwifHALGO6oIbyC3CmJe,856-296-8017x8593,Anita,Martinez
ochoalori@yahoo.com,joshua27,$2b$12$Q1PUFjhN/AWRQ21LbGYvjeLpZZB6lfZ1BPwifHALGO6oIbyC3CmJe,+1-344-607-0813x552,Katherine,Davis
colleen85@hurley-jacobs.com,evansclaudia,$2b$12$Q1PUFjhN/AWRQ21LbGYvjeLpZZB6lfZ1BPwifHALGO6oIbyC3CmJe,2517776387,Rachel,White
dgilbert@compton.com,escobaralexander,$2b$12$Q1PUFjhN/AWRQ21LbGYvjeLpZZB6lfZ1BPwifHALGO6oIbyC3CmJe,001-748-329-3338x4145,Brent,Walker
heather98@hotmail.com,boydnatalie,$2b$12$Q1PUFjhN/AWRQ21LbGYvjeLpZZB6lfZ1BPwifHALGO6oIbyC3CmJe,(727)602-0101,Jenny,Mccormick
miguel29@gonzales.biz,jesusclark,$2b$12$Q1PUFjhN/AWRQ21LbGYvjeLpZZB6lfZ1BPwifHALGO6oIbyC3CmJe,308-213-7753,Mathew,Woods
saramatthews@yahoo.com,scottnathan,$2b$12$Q1PUFjhN/AWRQ21LbGYvjeLpZZB6lfZ1BPwifHALGO6oIbyC3CmJe,001-129-968-7786x42306,Aaron,Rogers
moorelauren@yahoo.com,ellenjackson,$2b$12$Q1PUFjhN/AWRQ21LbGYvjeLpZZB6lfZ1BPwifHALGO6oIbyC3CmJe,(490)362-6921x0644,Ashley,Sanders
bushdebra@gmail.com,wareanthony,$2b$12$Q1PUFjhN/AWRQ21LbGYvjeLpZZB6lfZ1BPwifHALGO6oIbyC3CmJe,560-481-3320x731,Rachel,Sharp
kdickerson@hotmail.com,wgoodman,$2b$12$Q1PUFjhN/AWRQ21LbGYvjeLpZZB6lfZ1BPwifHALGO6oIbyC3CmJe,001-972-086-3942x7142,Jimmy,Dillon
nmiller@berry.com,schaeferpatricia,$2b$12$Q1PUFjhN/AWRQ21LbGYvjeLpZZB6lfZ1BPwifHALGO6oIbyC3CmJe,001-258-373-8775,Michael,Jones
hermanzachary@gmail.com,hadams,$2b$12$Q1PUFjhN/AWRQ21LbGYvjeLpZZB6lfZ1BPwifHALGO6oIbyC3CmJe,1011642778,Brandy,Jones
jcaldwell@hotmail.com,andrea54,$2b$12$Q1PUFjhN/AWRQ21LbGYvjeLpZZB6lfZ1BPwifHALGO6oIbyC3CmJe,631.325.0145x263,Nicole,Stewart
nferguson@gmail.com,michaelking,$2b$12$Q1PUFjhN/AWRQ21LbGYvjeLpZZB6lfZ1BPwifHALGO6oIbyC3CmJe,748.514.2247x19052,Derrick,Lane
justinhall@hotmail.com,carterjames,$2b$12$Q1PUFjhN/AWRQ21LbGYvjeLpZZB6lfZ1BPwifHALGO6oIbyC3CmJe,(059)346-6003x3959,Micheal,Lewis
paulfox@scott-patton.com,katherine81,$2b$12$Q1PUFjhN/AWRQ21LbGYvjeLpZZB6lfZ1BPwifHALGO6oIbyC3CmJe,001-703-770-8916x5419,Amber,Diaz
sergiothompson@osborne.info,leslie71,$2b$12$Q1PUFjhN/AWRQ21LbGYvjeLpZZB6lfZ1BPwifHALGO6oIbyC3CmJe,(152)622-5284x6594,Krystal,Crosby
danielcain@davis.com,david61,$2b$12$Q1PUFjhN/AWRQ21LbGYvjeLpZZB6lfZ1BPwifHALGO6oIbyC3CmJe,(864)433-1798x7551,Shelley,Randall
umiller@nelson.com,graykristin,$2b$12$Q1PUFjhN/AWRQ21LbGYvjeLpZZB6lfZ1BPwifHALGO6oIbyC3CmJe,668-659-4379x5584,Monique,Johnson
masseylarry@hotmail.com,nhughes,$2b$12$Q1PUFjhN/AWRQ21LbGYvjeLpZZB6lfZ1BPwifHALGO6oIbyC3CmJe,001-899-533-3451x2497,Wendy,Coleman
tammy35@drake.info,krodriguez,$2b$12$Q1PUFjhN/AWRQ21LbGYvjeLpZZB6lfZ1BPwifHALGO6oIbyC3CmJe,(560)273-9119,Paul,Chandler
audrey95@wilson.info,gsmith,$2b$12$Q1PUFjhN/AWRQ21LbGYvjeLpZZB6lfZ1BPwifHALGO6oIbyC3CmJe,(931)377-5975,Randy,Nelson
tthompson@williams.com,jesse19,$2b$12$Q1PUFjhN/AWRQ21LbGYvjeLpZZB6lfZ1BPwifHALGO6oIbyC3CmJe,812-381-6202x45889,Hannah,Frye
melissamarquez@gmail.com,hallgabriela,$2b$12$Q1PUFjhN/AWRQ21LbGYvjeLpZZB6lfZ1BPwifHALGO6oIbyC3CmJe,403-613-2512x970,Tamara,Sparks
kristen72@daniel-reid.com,kyledunn,$2b$12$Q1PUFjhN/AWRQ21LbGYvjeLpZZB6lfZ1BPwifHALGO6oIbyC3CmJe,(937)630-4044x56733,Joshua,Long
murphykatie@johnson.com,laura58,$2b$12$Q1PUFjhN/AWRQ21LbGYvjeLpZZB6lfZ1BPwifHALGO6oIbyC3CmJe,1128632249,Melanie,Smith
graydanielle@carr.biz,donnastevens,$2b$12$Q1PUFjhN/AWRQ21LbGYvjeLpZZB6lfZ1BPwifHALGO6oIbyC3CmJe,(602)848-1400x338,Gary,Nguyen
youngangelica@hotmail.com,williamslisa,$2b$12$Q1PUFjhN/AWRQ21LbGYvjeLpZZB6lfZ1BPwifHALGO6oIbyC3CmJe,(389)521-8645x41260,Marissa,Fletcher
jaywarner@bowen.net,michele53,$2b$12$Q1PUFjhN/AWRQ21LbGYvjeLpZZB6lfZ1BPwifHALGO6oIbyC3CmJe,722-049-8769,Joseph,Gonzales
uadams@woods.biz,fischerandrew,$2b$12$Q1PUFjhN/AWRQ21LbGYvjeLpZZB6lfZ1BPwifHALGO6oIbyC3CmJe,999-794-0707x961,Krista,Roach
patrick64@gmail.com,qhampton,$2b$12$Q1PUFjhN/AWRQ21LbGYvjeLpZZB6lfZ1BPwifHALGO6oIbyC3CmJe,001-801-810-5309,Joe,Martinez
tara68@yahoo.com,david89,$2b$12$Q1PUFjhN/AWRQ21LbGYvjeLpZZB6lfZ1BPwifHALGO6oIbyC3CmJe,468.279.5277,Joshua,Mccormick
phyllis81@yahoo.com,thompsonkayla,$2b$12$Q1PUFjhN/AWRQ21LbGYvjeLpZZB6lfZ1BPwifHALGO6oIbyC3CmJe,329.818.2720x9368,Jeff,Mcknight
andreaparsons@mathis.info,matthewwilliams,$2b$12$Q1PUFjhN/AWRQ21LbGYvjeLpZZB6lfZ1BPwifHALGO6oIbyC3CmJe,844-436-8755x747,Logan,Shelton
ple@yahoo.com,garrett77,$2b$12$Q1PUFjhN/AWRQ21LbGYvjeLpZZB6lfZ1BPwifHALGO6oIbyC3CmJe,0648721081,James,Williams
daltonmorrison@hotmail.com,josephsutton,$2b$12$Q1PUFjhN/AWRQ21LbGYvjeLpZZB6lfZ1BPwifHALGO6oIbyC3CmJe,+1-262-092-6993x04692,Laura,Meyer
matthewsjames@hotmail.com,joshuawilliams,$2b$12$Q1PUFjhN/AWRQ21LbGYvjeLpZZB6lfZ1BPwifHALGO6oIbyC3CmJe,001-066-869-3821,Sonia,Robinson
sandra73@yahoo.com,alexwashington,$2b$12$Q1PUFjhN/AWRQ21LbGYvjeLpZZB6lfZ1BPwifHALGO6oIbyC3CmJe,+1-423-067-3553x022,Sandra,Allen
nmendoza@yahoo.com,amy40,$2b$12$Q1PUFjhN/AWRQ21LbGYvjeLpZZB6lfZ1BPwifHALGO6oIbyC3CmJe,442-054-9646,Kelly,Murphy
robin43@gmail.com,pateldesiree,$2b$12$Q1PUFjhN/AWRQ21LbGYvjeLpZZB6lfZ1BPwifHALGO6oIbyC3CmJe,124-716-4639x5391,Elizabeth,Lewis
calebgarrett@bauer.com,qtaylor,$2b$12$Q1PUFjhN/AWRQ21LbGYvjeLpZZB6lfZ1BPwifHALGO6oIbyC3CmJe,587.518.0244x943,Alisha,Stein
csilva@fernandez.com,uwilliams,$2b$12$Q1PUFjhN/AWRQ21LbGYvjeLpZZB6lfZ1BPwifHALGO6oIbyC3CmJe,+1-399-221-3520x7883,Christopher,Lucas
lmeza@hotmail.com,robertjones,$2b$12$Q1PUFjhN/AWRQ21LbGYvjeLpZZB6lfZ1BPwifHALGO6oIbyC3CmJe,001-961-204-7275,Anna,Banks
jennifer46@gmail.com,robertdunn,$2b$12$Q1PUFjhN/AWRQ21LbGYvjeLpZZB6lfZ1BPwifHALGO6oIbyC3CmJe,+1-985-664-0475x5714,Alexander,Tucker
meyerstephanie@hotmail.com,michael54,$2b$12$Q1PUFjhN/AWRQ21LbGYvjeLpZZB6lfZ1BPwifHALGO6oIbyC3CmJe,(751)430-4901x22070,Richard,Grant
proctormark@yahoo.com,kwilliams,$2b$12$Q1PUFjhN/AWRQ21LbGYvjeLpZZB6lfZ1BPwifHALGO6oIbyC3CmJe,+1-105-676-0036,Marissa,Diaz
marie57@davis.com,dana70,$2b$12$Q1PUFjhN/AWRQ21LbGYvjeLpZZB6lfZ1BPwifHALGO6oIbyC3CmJe,096.053.8975x829,Michael,Harmon
wstewart@hayes.biz,daniel12,$2b$12$Q1PUFjhN/AWRQ21LbGYvjeLpZZB6lfZ1BPwifHALGO6oIbyC3CmJe,001-902-657-7306x69811,Jessica,Nichols
whitejeff@gutierrez-carney.biz,kerrbrianna,$2b$12$Q1PUFjhN/AWRQ21LbGYvjeLpZZB6lfZ1BPwifHALGO6oIbyC3CmJe,001-851-717-9831,John,Ballard
smithsonia@calderon-peters.org,amartin,$2b$12$Q1PUFjhN/AWRQ21LbGYvjeLpZZB6lfZ1BPwifHALGO6oIbyC3CmJe,001-539-844-4294x553,Paul,Daniels
veronica04@yahoo.com,smithlacey,$2b$12$Q1PUFjhN/AWRQ21LbGYvjeLpZZB6lfZ1BPwifHALGO6oIbyC3CmJe,275-657-9346x20679,John,Serrano
kvaldez@garcia.com,kellyraymond,$2b$12$Q1PUFjhN/AWRQ21LbGYvjeLpZZB6lfZ1BPwifHALGO6oIbyC3CmJe,+1-387-797-3710x7565,Amy,Bishop
jerrypayne@gray-young.org,dana76,$2b$12$Q1PUFjhN/AWRQ21LbGYvjeLpZZB6lfZ1BPwifHALGO6oIbyC3CmJe,001-251-236-3212,Carlos,Edwards
zachary76@gmail.com,thomas08,$2b$12$Q1PUFjhN/AWRQ21LbGYvjeLpZZB6lfZ1BPwifHALGO6oIbyC3CmJe,+1-260-374-4978x096,Victor,Mills
smithjacqueline@hotmail.com,ugarza,$2b$12$Q1PUFjhN/AWRQ21LbGYvjeLpZZB6lfZ1BPwifHALGO6oIbyC3CmJe,2486169882,Nathan,James
yvettetyler@pierce.com,joshua13,$2b$12$Q1PUFjhN/AWRQ21LbGYvjeLpZZB6lfZ1BPwifHALGO6oIbyC3CmJe,001-391-953-5686x67918,Luis,Sanchez
odavis@yahoo.com,millerjessica,$2b$12$Q1PUFjhN/AWRQ21LbGYvjeLpZZB6lfZ1BPwifHALGO6oIbyC3CmJe,4193412153,Ryan,Stevens
darinbrown@yahoo.com,tammynelson,$2b$12$Q1PUFjhN/AWRQ21LbGYvjeLpZZB6lfZ1BPwifHALGO6oIbyC3CmJe,(099)218-7591x563,Stephanie,Graves
coxsamantha@hotmail.com,gina60,$2b$12$Q1PUFjhN/AWRQ21LbGYvjeLpZZB6lfZ1BPwifHALGO6oIbyC3CmJe,787-009-8531x346,Mary,Martin
darrellross@gmail.com,katherinehogan,$2b$12$Q1PUFjhN/AWRQ21LbGYvjeLpZZB6lfZ1BPwifHALGO6oIbyC3CmJe,122-959-7968,Teresa,Cortez
johnwilliams@yahoo.com,gwilliams,$2b$12$Q1PUFjhN/AWRQ21LbGYvjeLpZZB6lfZ1BPwifHALGO6oIbyC3CmJe,(170)810-6699x144,Timothy,Bailey
anthony01@vargas.com,stephanie83,$2b$12$Q1PUFjhN/AWRQ21LbGYvjeLpZZB6lfZ1BPwifHALGO6oIbyC3CmJe,001-040-769-3985,Aaron,Clark
kimberly06@yahoo.com,griffincarl,$2b$12$Q1PUFjhN/AWRQ21LbGYvjeLpZZB6lfZ1BPwifHALGO6oIbyC3CmJe,+1-281-391-3955x078,Matthew,Wilson
meagan26@johnson.net,annasmith,$2b$12$Q1PUFjhN/AWRQ21LbGYvjeLpZZB6lfZ1BPwifHALGO6oIbyC3CmJe,(018)597-9291x1679,Dalton,Morrow
hpalmer@gmail.com,johncarlson,$2b$12$Q1PUFjhN/AWRQ21LbGYvjeLpZZB6lfZ1BPwifHALGO6oIbyC3CmJe,999-802-7128x398,Eric,Krause
michelle29@yahoo.com,jessicawhite,$2b$12$Q1PUFjhN/AWRQ21LbGYvjeLpZZB6lfZ1BPwifHALGO6oIbyC3CmJe,001-555-439-2968,Brian,Thompson
teresakennedy@velazquez.com,eringuzman,$2b$12$Q1PUFjhN/AWRQ21LbGYvjeLpZZB6lfZ1BPwifHALGO6oIbyC3CmJe,021.580.1044x0302,Matthew,Marshall
luis74@peck.com,xrichards,$2b$12$Q1PUFjhN/AWRQ21LbGYvjeLpZZB6lfZ1BPwifHALGO6oIbyC3CmJe,(105)434-8215x2156,Ashlee,Phillips
jkeller@gmail.com,amy98,$2b$12$Q1PUFjhN/AWRQ21LbGYvjeLpZZB6lfZ1BPwifHALGO6oIbyC3CmJe,+1-898-098-5147x874,Michael,Davis
amiddleton@yahoo.com,steven31,$2b$12$Q1PUFjhN/AWRQ21LbGYvjeLpZZB6lfZ1BPwifHALGO6oIbyC3CmJe,825-660-1691x4650,Rose,Sanchez
robertsandrew@kent-barnett.org,jonesdanny,$2b$12$Q1PUFjhN/AWRQ21LbGYvjeLpZZB6lfZ1BPwifHALGO6oIbyC3CmJe,4534975748,Daniel,Martinez
brownjesse@hotmail.com,amandaharris,$2b$12$Q1PUFjhN/AWRQ21LbGYvjeLpZZB6lfZ1BPwifHALGO6oIbyC3CmJe,163-230-1261x2634,Melanie,Patterson
travis57@gray-smith.com,tcohen,$2b$12$Q1PUFjhN/AWRQ21LbGYvjeLpZZB6lfZ1BPwifHALGO6oIbyC3CmJe,313-634-5809x6676,Amanda,Gonzalez
pamelagonzales@hotmail.com,jocelyn42,$2b$12$Q1PUFjhN/AWRQ21LbGYvjeLpZZB6lfZ1BPwifHALGO6oIbyC3CmJe,293.445.5341x831,Leah,Nguyen
martinezbrenda@simpson-wilkinson.com,dawngiles,$2b$12$Q1PUFjhN/AWRQ21LbGYvjeLpZZB6lfZ1BPwifHALGO6oIbyC3CmJe,116-741-4113x0042,Autumn,Roth
arnoldamber@colon.com,akennedy,$2b$12$Q1PUFjhN/AWRQ21LbGYvjeLpZZB6lfZ1BPwifHALGO6oIbyC3CmJe,832-298-0549x72785,Madison,Torres
maryesparza@gmail.com,nortonanthony,$2b$12$Q1PUFjhN/AWRQ21LbGYvjeLpZZB6lfZ1BPwifHALGO6oIbyC3CmJe,979.980.8958x50476,Elizabeth,Carney
fwalker@gmail.com,franklinamanda,$2b$12$Q1PUFjhN/AWRQ21LbGYvjeLpZZB6lfZ1BPwifHALGO6oIbyC3CmJe,9612169282,Yvette,Williams
elliottkirsten@wilson.com,hawkinsanthony,$2b$12$Q1PUFjhN/AWRQ21LbGYvjeLpZZB6lfZ1BPwifHALGO6oIbyC3CmJe,(948)863-6342x75145,Kaitlyn,Pierce
omoore@smith.net,stanley55,$2b$12$Q1PUFjhN/AWRQ21LbGYvjeLpZZB6lfZ1BPwifHALGO6oIbyC3CmJe,(338)451-6160x806,William,Gutierrez
jeremiahsimmons@price.org,jacobmayer,$2b$12$Q1PUFjhN/AWRQ21LbGYvjeLpZZB6lfZ1BPwifHALGO6oIbyC3CmJe,(778)601-5438x7094,Christina,Sharp
vaughnchristopher@hotmail.com,carlaharmon,$2b$12$Q1PUFjhN/AWRQ21LbGYvjeLpZZB6lfZ1BPwifHALGO6oIbyC3CmJe,+1-321-568-7645x9569,Stephen,Sellers
ikim@wright.com,anthonymendez,$2b$12$Q1PUFjhN/AWRQ21LbGYvjeLpZZB6lfZ1BPwifHALGO6oIbyC3CmJe,926.310.4236x72976,Mario,Shields
joan46@hotmail.com,rortega,$2b$12$Q1PUFjhN/AWRQ21LbGYvjeLpZZB6lfZ1BPwifHALGO6oIbyC3CmJe,(296)251-2735x19178,Elizabeth,Scott
wgraves@gmail.com,owentravis,$2b$12$Q1PUFjhN/AWRQ21LbGYvjeLpZZB6lfZ1BPwifHALGO6oIbyC3CmJe,001-144-500-9101x029,Megan,Russell
qsanchez@cox.info,wendy53,$2b$12$Q1PUFjhN/AWRQ21LbGYvjeLpZZB6lfZ1BPwifHALGO6oIbyC3CmJe,848-228-1359,Bonnie,Young
christina54@thomas.com,brandoncordova,$2b$12$Q1PUFjhN/AWRQ21LbGYvjeLpZZB6lfZ1BPwifHALGO6oIbyC3CmJe,(599)870-2961,Kelly,Ramirez
phillipschase@esparza.info,bakerjason,$2b$12$Q1PUFjhN/AWRQ21LbGYvjeLpZZB6lfZ1BPwifHALGO6oIbyC3CmJe,303-025-6406x9337,Timothy,Hicks
markhardin@smith.biz,jose34,$2b$12$Q1PUFjhN/AWRQ21LbGYvjeLpZZB6lfZ1BPwifHALGO6oIbyC3CmJe,729.265.0624,Shannon,Cross
ophillips@gmail.com,navarrojeremiah,$2b$12$Q1PUFjhN/AWRQ21LbGYvjeLpZZB6lfZ1BPwifHALGO6oIbyC3CmJe,6301559736,Patty,Thomas
richardduffy@woods-harding.com,kjackson,$2b$12$Q1PUFjhN/AWRQ21LbGYvjeLpZZB6lfZ1BPwifHALGO6oIbyC3CmJe,(983)808-6406x67062,Robert,Dominguez
joshuatran@gmail.com,wforbes,$2b$12$Q1PUFjhN/AWRQ21LbGYvjeLpZZB6lfZ1BPwifHALGO6oIbyC3CmJe,990.880.7258x6838,Matthew,Shannon
martinkristine@hotmail.com,jonathan19,$2b$12$Q1PUFjhN/AWRQ21LbGYvjeLpZZB6lfZ1BPwifHALGO6oIbyC3CmJe,180-378-2870x6161,Julie,Jones
sarahhernandez@yahoo.com,hawkinsvanessa,$2b$12$Q1PUFjhN/AWRQ21LbGYvjeLpZZB6lfZ1BPwifHALGO6oIbyC3CmJe,+1-515-542-4144,Emma,Moore
nferguson@goodwin.com,durhamkristin,$2b$12$Q1PUFjhN/AWRQ21LbGYvjeLpZZB6lfZ1BPwifHALGO6oIbyC3CmJe,9506046454,Ivan,Evans
lowerhonda@gmail.com,clarkthomas,$2b$12$Q1PUFjhN/AWRQ21LbGYvjeLpZZB6lfZ1BPwifHALGO6oIbyC3CmJe,010-876-1071x151,Alex,Brooks
markballard@wu.biz,danielespinoza,$2b$12$Q1PUFjhN/AWRQ21LbGYvjeLpZZB6lfZ1BPwifHALGO6oIbyC3CmJe,(772)110-4622,Katherine,Kelley
michael77@mcneil.com,sanchezjennifer,$2b$12$Q1PUFjhN/AWRQ21LbGYvjeLpZZB6lfZ1BPwifHALGO6oIbyC3CmJe,(497)125-9646x7095,Sean,Anderson
kylie80@hotmail.com,scott15,$2b$12$Q1PUFjhN/AWRQ21LbGYvjeLpZZB6lfZ1BPwifHALGO6oIbyC3CmJe,001-847-571-8724,Richard,Woodard
jacobharris@charles-aguirre.com,bmyers,$2b$12$Q1PUFjhN/AWRQ21LbGYvjeLpZZB6lfZ1BPwifHALGO6oIbyC3CmJe,866-402-6360x332,Sandra,Shaw
landrews@smith-pena.com,lindseysmith,$2b$12$Q1PUFjhN/AWRQ21LbGYvjeLpZZB6lfZ1BPwifHALGO6oIbyC3CmJe,001-783-495-6165,Tiffany,Wagner
travis14@gmail.com,smallmartin,$2b$12$Q1PUFjhN/AWRQ21LbGYvjeLpZZB6lfZ1BPwifHALGO6oIbyC3CmJe,533-946-1823,Scott,Copeland
austinjames@hotmail.com,doris74,$2b$12$Q1PUFjhN/AWRQ21LbGYvjeLpZZB6lfZ1BPwifHALGO6oIbyC3CmJe,363.937.2916x0630,Kathleen,Lowe
